record_id,road_name,contractor_name,allotted_budget_inr,amount_used_inr,budget_note,materials_used,audit_1_date,audit_1_status,audit_1_remarks,audit_2_date,audit_2_status,audit_2_remarks,audit_3_date,audit_3_status,audit_3_remarks,construction_start_date,construction_end_date,date_opened_to_public,last_maintenance_date
RW001,Rajiv Main Road,Arunachalam Road Works,36100000,31390224,Within budget,Concrete M30 grade | River sand (Zone II) | Coarse aggregate (20mm) | HDPE drainage pipes | Pre-cast kerb stones | Anti-skid bituminous surface dressing | Solar road studs | Stormwater drain gratings (Cast iron),20-Jul-2023,Failed,Joint sealant missing at 4 locations. Contractor directed to seal within 2 weeks.,14-Sep-2023,Passed,All manhole covers flush with road surface. No tripping hazards found.,31-Jan-2024,Passed,Quality of base layer found satisfactory. Compaction density above 98% Proctor.,17-Oct-2022,29-Jan-2024,13-Mar-2024,08-Sep-2024
RW002,Sarabhai Junction Road,Vel Murugan Builders,30500000,27112874,Within budget,Bituminous Macadam (BM) Grade 2 | Dense Bituminous Macadam (DBM) | Steel reinforcement bars (Fe500) | Portland Pozzolana Cement (PPC) | Coarse aggregates (20mm & 40mm) | Kerb stones (Granite) | Thermoplastic road marking paint | Reflective studs,23-Oct-2023,Passed,Drainage channels functional. Road markings and signage verified.,25-Oct-2023,Passed,Riding quality index satisfactory. Surface texture depth adequate.,27-Aug-2024,Passed,Kerb stone alignment and levelling checked. Within plus/minus 5mm tolerance.,04-Apr-2023,18-Aug-2024,07-Sep-2024,04-Apr-2025
RW003,Tagore East Coast Road,Sterling Road Builders,43200000,41601511,Within budget,Salt-resistant bituminous mix (coastal formulation) | Corrosion-resistant reinforcement (HYSD Fe415D) | Fibre-reinforced concrete (polypropylene fibres) | Marine-grade epoxy coating for kerbs | Anti-skid surface dressing | HDPE geo-membrane (damp-proofing) | LED cat eyes,10-Apr-2022,Passed,Thermoplastic markings retroreflectivity tested and found satisfactory.,13-Apr-2022,Passed,Sub-grade moisture content within limits. No swelling observed.,28-Jul-2022,Passed,Anti-skid surface dressing properly applied. Skid resistance test passed.,03-Jan-2022,05-Jun-2022,09-Jul-2022,26-Dec-2022
RW004,Periyar High Road,Ponni Constructions,31300000,30922240,Within budget,Dense Bituminous Macadam (DBM) Layer I & II | Open graded premix carpet (OGPC) | Bitumen VG-30 | Crushed stone aggregate (10mm & 6mm) | Cement concrete kerbs | Epoxy road marking paint | Speed breaker rubber pads | PVC stormwater pipes (315mm dia),24-Feb-2024,Passed,Joints sealed properly. No cracking observed. Road certified for use.,29-Feb-2024,Passed,Riding quality index satisfactory. Surface texture depth adequate.,09-Apr-2024,Passed,All manhole covers flush with road surface. No tripping hazards found.,10-Nov-2023,30-Mar-2024,03-May-2024,02-Apr-2025
RW005,Ramanujan Junction Road,Arunachalam Road Works,33000000,29803084,Within budget,Polymer Modified Bitumen (PMB 40) | Modified Bituminous Concrete (MBC) | Basalt fibre reinforcement | Warm mix asphalt additive (Evotherm) | Recycled concrete aggregate (30% blend) | Tactile paving blocks | High-visibility road studs | Galvanised steel guard rails,22-May-2020,Failed,Improper compaction of WMM layer. Density less than 95% Proctor. Redo directed.,18-Sep-2020,Passed,Riding quality index satisfactory. Surface texture depth adequate.,30-Jul-2021,Passed,Anti-skid surface dressing properly applied. Skid resistance test passed.,25-Mar-2020,08-Jun-2021,08-Jul-2021,01-Dec-2023
RW006,T. Nagar Ring Road,Maha Infrastructure Pvt. Ltd.,59100000,57801966,Within budget,Salt-resistant bituminous mix (coastal formulation) | Corrosion-resistant reinforcement (HYSD Fe415D) | Fibre-reinforced concrete (polypropylene fibres) | Marine-grade epoxy coating for kerbs | Anti-skid surface dressing | HDPE geo-membrane (damp-proofing) | LED cat eyes,10-Apr-2020,Passed,Sub-grade moisture content within limits. No swelling observed.,04-May-2020,Passed,Kerb stone alignment and levelling checked. Within plus/minus 5mm tolerance.,17-Jun-2020,Passed,Thermoplastic markings retroreflectivity tested and found satisfactory.,20-Oct-2019,01-Jun-2020,19-Jun-2020,27-May-2021
RW007,Jayalalithaa Avenue,RK Road Works Pvt. Ltd.,58500000,58700000,"Overrun of Rs.200,000 approved. Reason: Unexpected soil stabilisation requirement",Lime-treated soil (sub-base) | Wet Mix Macadam (WMM) | Bituminous Concrete (BC) Grade 1 | Fly ash bricks (side drains) | White retro-reflective paint | Flexible delineators | RCC manholes | Geotextile fabric,16-Aug-2022,Passed,Joints sealed properly. No cracking observed. Road certified for use.,26-Oct-2022,Passed,Expansion joints properly aligned and sealed. No spalling at edges.,20-Jan-2023,Passed,Quality of base layer found satisfactory. Compaction density above 98% Proctor.,09-Jul-2022,27-Dec-2022,02-Feb-2023,02-Jan-2025
RW008,Rajiv Junction Road,Kavi Civil & Infrastructure Co.,35300000,31686147,Within budget,Rigid pavement PQC M40 grade | Dowel bars (32mm dia MS) | Tie bars (16mm dia) | Joint sealant (Polyurethane) | Sub-base GSB (Granular Sub-Base) | Drainage cells (HDPE honeycomb) | Pre-fabricated expansion joints | Solar-powered road markers,09-Oct-2021,Passed,Geotextile fabric placement verified. No displacement observed.,08-Nov-2021,Passed,Drainage channels functional. Road markings and signage verified.,12-Dec-2021,Passed,Load deflection within permissible limits as per IRC:58-2015.,09-Jun-2021,26-Nov-2021,04-Jan-2022,07-Apr-2022
RW009,Arumbakkam Canal Road,National Highway Infra Builders,23600000,20593758,Within budget,Polymer Modified Bitumen (PMB 40) | Modified Bituminous Concrete (MBC) | Basalt fibre reinforcement | Warm mix asphalt additive (Evotherm) | Recycled concrete aggregate (30% blend) | Tactile paving blocks | High-visibility road studs | Galvanised steel guard rails,29-Mar-2024,Passed,Load deflection within permissible limits as per IRC:58-2015.,24-May-2024,Passed,"All road furniture, lighting, and markings in place. Final audit cleared.",17-Jun-2024,Passed,Bitumen content tested within acceptable range. Layer thickness meets IRC norms.,25-Feb-2024,25-May-2024,24-Jun-2024,30-Apr-2025
RW010,Arignar Tank Road,Durai Constructions & Co.,16700000,16102862,Within budget,Polymer Modified Bitumen (PMB 40) | Modified Bituminous Concrete (MBC) | Basalt fibre reinforcement | Warm mix asphalt additive (Evotherm) | Recycled concrete aggregate (30% blend) | Tactile paving blocks | High-visibility road studs | Galvanised steel guard rails,08-Jul-2023,Passed,Anti-skid surface dressing properly applied. Skid resistance test passed.,27-Jul-2023,Passed,Expansion joints properly aligned and sealed. No spalling at edges.,05-Oct-2023,Passed,Anti-skid surface dressing properly applied. Skid resistance test passed.,18-Apr-2023,19-Sep-2023,07-Oct-2023,01-Apr-2025
RW011,Nungambakkam Loop Road,Ponni Constructions,74500000,72707974,Within budget,Salt-resistant bituminous mix (coastal formulation) | Corrosion-resistant reinforcement (HYSD Fe415D) | Fibre-reinforced concrete (polypropylene fibres) | Marine-grade epoxy coating for kerbs | Anti-skid surface dressing | HDPE geo-membrane (damp-proofing) | LED cat eyes,09-Nov-2019,Passed,Quality of base layer found satisfactory. Compaction density above 98% Proctor.,30-Dec-2019,Passed,Riding quality index satisfactory. Surface texture depth adequate.,15-May-2020,Passed,Bitumen content tested within acceptable range. Layer thickness meets IRC norms.,05-Sep-2019,08-Apr-2020,02-May-2020,04-Oct-2020
RW012,Annadurai Salai,Siva Shakti Construction Co.,11200000,9631104,Within budget,Dense Bituminous Macadam (DBM) Layer I & II | Open graded premix carpet (OGPC) | Bitumen VG-30 | Crushed stone aggregate (10mm & 6mm) | Cement concrete kerbs | Epoxy road marking paint | Speed breaker rubber pads | PVC stormwater pipes (315mm dia),28-Nov-2020,Passed,"Road surface free of bleeding, rutting, or cracking. Excellent condition.",26-May-2021,Passed,"All road furniture, lighting, and markings in place. Final audit cleared.",14-Nov-2021,Passed,"Road surface free of bleeding, rutting, or cracking. Excellent condition.",24-Jul-2020,29-Sep-2021,09-Nov-2021,14-Sep-2022
RW013,Porur Ring Road,Metro Build Solutions Pvt. Ltd.,17900000,16102869,Within budget,Prestressed concrete slabs | Bituminous concrete (60/70 grade) | High-strength bolts (Grade 8.8) | Expansion joints (neoprene) | Anti-glare screens | Thermoplastic road marking tape | High-mast LED lighting supports | Rubberised asphalt | RCC culverts (2m x 1.5m) | Geogrid reinforcement,13-Aug-2022,Failed,Bitumen content found low at 4.1% against required 4.8%. Layer to be redone.,08-Sep-2022,Passed,"All road furniture, lighting, and markings in place. Final audit cleared.",03-Feb-2023,Passed,Anti-skid surface dressing properly applied. Skid resistance test passed.,14-Aug-2021,28-Jan-2023,10-Feb-2023,30-Mar-2025
RW014,Vikram Junction Road,Lakshmi Infra Pvt. Ltd.,22300000,19824617,Within budget,Dense Bituminous Macadam (DBM) Layer I & II | Open graded premix carpet (OGPC) | Bitumen VG-30 | Crushed stone aggregate (10mm & 6mm) | Cement concrete kerbs | Epoxy road marking paint | Speed breaker rubber pads | PVC stormwater pipes (315mm dia),01-Jan-2024,Passed,Concrete cube strength at 28 days exceeds design strength. Approved.,26-Jan-2024,Passed,Speed breakers conform to IRC:99-2018 specifications. Heights verified.,07-Apr-2024,Passed,"Road surface free of bleeding, rutting, or cracking. Excellent condition.",26-Nov-2023,02-Apr-2024,10-May-2024,25-Apr-2025
RW015,Kolathur Ring Road,Sterling Road Builders,49000000,42779410,Within budget,Bituminous Macadam (BM) Grade 2 | Dense Bituminous Macadam (DBM) | Steel reinforcement bars (Fe500) | Portland Pozzolana Cement (PPC) | Coarse aggregates (20mm & 40mm) | Kerb stones (Granite) | Thermoplastic road marking paint | Reflective studs,26-Jul-2021,Passed,Load deflection within permissible limits as per IRC:58-2015.,28-Sep-2021,Conditional Pass,Joint sealing incomplete at 3 locations. Surface texture satisfactory. Close in 2 weeks.,02-Dec-2021,Passed,Bitumen content tested within acceptable range. Layer thickness meets IRC norms.,10-Mar-2021,21-Oct-2021,29-Nov-2021,16-Dec-2022
RW016,Kamarajar Cross Street,Coastal Roads & Builders Ltd.,13100000,12057227,Within budget,Polymer Modified Bitumen (PMB 40) | Modified Bituminous Concrete (MBC) | Basalt fibre reinforcement | Warm mix asphalt additive (Evotherm) | Recycled concrete aggregate (30% blend) | Tactile paving blocks | High-visibility road studs | Galvanised steel guard rails,29-Jan-2020,Passed,"All road furniture, lighting, and markings in place. Final audit cleared.",11-Feb-2020,Passed,Kerb stone alignment and levelling checked. Within plus/minus 5mm tolerance.,21-Mar-2020,Passed,Drainage channels functional. Road markings and signage verified.,19-Nov-2019,17-Mar-2020,28-Apr-2020,17-Oct-2020
RW017,Poonamallee Tank Road,Chennai Metro Infra Ltd.,12000000,10904297,Within budget,Fly ash concrete (M25) | Bottom ash sub-base | PVC expansion strips | Silica fume admixture | Micro-silica blended cement | Reinforced earth retaining walls | Concrete interlocking pavers (footpath) | Cast iron manhole covers (Class D),15-Jul-2022,Passed,Load deflection within permissible limits as per IRC:58-2015.,09-Oct-2022,Conditional Pass,Drainage outlet partially blocked. Debris to be cleared. Road surface approved.,10-Mar-2023,Passed,Stormwater drains clear and functional. No ponding observed during simulation.,03-Mar-2022,23-Feb-2023,25-Mar-2023,16-Mar-2024
RW018,Thiruvalluvar Main Road,Lakshmi Infra Pvt. Ltd.,71600000,70844870,Within budget,Concrete M30 grade | River sand (Zone II) | Coarse aggregate (20mm) | HDPE drainage pipes | Pre-cast kerb stones | Anti-skid bituminous surface dressing | Solar road studs | Stormwater drain gratings (Cast iron),10-Mar-2022,Failed,Improper compaction of WMM layer. Density less than 95% Proctor. Redo directed.,04-Jun-2022,Passed,Concrete cube strength at 28 days exceeds design strength. Approved.,18-Sep-2022,Passed,Crash barrier installation inspected. Meets MORTH standards.,06-Jan-2022,24-Jul-2022,04-Sep-2022,31-Aug-2023
RW019,Besant Canal Road,Green Road Solutions Pvt. Ltd.,74900000,70668213,Within budget,Polymer Modified Bitumen (PMB 40) | Modified Bituminous Concrete (MBC) | Basalt fibre reinforcement | Warm mix asphalt additive (Evotherm) | Recycled concrete aggregate (30% blend) | Tactile paving blocks | High-visibility road studs | Galvanised steel guard rails,02-Jan-2021,Failed,Improper compaction of WMM layer. Density less than 95% Proctor. Redo directed.,17-Feb-2021,Passed,Load deflection within permissible limits as per IRC:58-2015.,03-Jan-2022,Passed,All manhole covers flush with road surface. No tripping hazards found.,05-Sep-2020,08-Nov-2021,24-Nov-2021,09-Jul-2022
RW020,MGR Cross Street,National Highway Infra Builders,78300000,69448791,Within budget,Salt-resistant bituminous mix (coastal formulation) | Corrosion-resistant reinforcement (HYSD Fe415D) | Fibre-reinforced concrete (polypropylene fibres) | Marine-grade epoxy coating for kerbs | Anti-skid surface dressing | HDPE geo-membrane (damp-proofing) | LED cat eyes,01-Mar-2021,Passed,Sub-base CBR value above permissible limit. Approved to proceed.,18-May-2021,Conditional Pass,Speed breaker height at 3rd location slightly above tolerance. Grind and re-inspect.,26-Dec-2021,Passed,Joints sealed properly. No cracking observed. Road certified for use.,29-May-2020,03-Nov-2021,16-Nov-2021,19-May-2022
RW021,Srinivasa Outer Ring Road,Saravana Civil Engineers Ltd.,51700000,44754743,Within budget,Lime-treated soil (sub-base) | Wet Mix Macadam (WMM) | Bituminous Concrete (BC) Grade 1 | Fly ash bricks (side drains) | White retro-reflective paint | Flexible delineators | RCC manholes | Geotextile fabric,28-Mar-2022,Failed,Sub-base CBR value below permissible limit. Contractor directed to redo with lime treatment.,01-Apr-2022,Passed,Thermoplastic markings retroreflectivity tested and found satisfactory.,06-Jun-2022,Passed,Anti-skid surface dressing properly applied. Skid resistance test passed.,22-Jan-2022,10-May-2022,12-Jun-2022,28-Apr-2024
RW022,Poonamallee Street,Annamalai Construction Co.,65300000,59220102,Within budget,Fly ash concrete (M25) | Bottom ash sub-base | PVC expansion strips | Silica fume admixture | Micro-silica blended cement | Reinforced earth retaining walls | Concrete interlocking pavers (footpath) | Cast iron manhole covers (Class D),25-Jul-2023,Passed,Stormwater drains clear and functional. No ponding observed during simulation.,25-Aug-2023,Conditional Pass,Drainage outlet partially blocked. Debris to be cleared. Road surface approved.,11-Sep-2023,Passed,"All road furniture, lighting, and markings in place. Final audit cleared.",15-Mar-2023,31-Aug-2023,25-Sep-2023,07-Jun-2024
RW023,Guindy Nagar Road,Green Road Solutions Pvt. Ltd.,79800000,80000000,"Overrun of Rs.200,000 approved. Reason: Emergency utility relocation",Dense Bituminous Macadam (DBM) Layer I & II | Open graded premix carpet (OGPC) | Bitumen VG-30 | Crushed stone aggregate (10mm & 6mm) | Cement concrete kerbs | Epoxy road marking paint | Speed breaker rubber pads | PVC stormwater pipes (315mm dia),17-Aug-2020,Passed,Anti-skid surface dressing properly applied. Skid resistance test passed.,07-Jun-2021,Passed,Kerb stone alignment and levelling checked. Within plus/minus 5mm tolerance.,24-Aug-2021,Passed,Stormwater drains clear and functional. No ponding observed during simulation.,13-Feb-2020,05-Jul-2021,13-Aug-2021,04-Nov-2022
RW024,Egmore Salai,Kavi Civil & Infrastructure Co.,36500000,33628063,Within budget,Polymer Modified Bitumen (PMB 40) | Modified Bituminous Concrete (MBC) | Basalt fibre reinforcement | Warm mix asphalt additive (Evotherm) | Recycled concrete aggregate (30% blend) | Tactile paving blocks | High-visibility road studs | Galvanised steel guard rails,20-Dec-2020,Failed,Pothole formation near storm drain. Emergency patching and proper sealing ordered.,14-Feb-2021,Passed,Stormwater drains clear and functional. No ponding observed during simulation.,09-Mar-2021,Passed,Speed breakers conform to IRC:99-2018 specifications. Heights verified.,09-Nov-2020,21-Feb-2021,10-Mar-2021,02-Mar-2022
RW025,Koyambedu Street,South India Roads Ltd.,67000000,57366345,Within budget,Prestressed concrete slabs | Bituminous concrete (60/70 grade) | High-strength bolts (Grade 8.8) | Expansion joints (neoprene) | Anti-glare screens | Thermoplastic road marking tape | High-mast LED lighting supports | Rubberised asphalt | RCC culverts (2m x 1.5m) | Geogrid reinforcement,14-May-2019,Failed,Pothole formation near storm drain. Emergency patching and proper sealing ordered.,07-Sep-2019,Passed,All manhole covers flush with road surface. No tripping hazards found.,22-Jan-2020,Passed,Stormwater drains clear and functional. No ponding observed during simulation.,04-Jan-2019,26-Dec-2019,08-Feb-2020,11-Apr-2022
RW026,Bhagat Singh Bridge Road,RK Road Works Pvt. Ltd.,39600000,35468358,Within budget,Rigid pavement PQC M40 grade | Dowel bars (32mm dia MS) | Tie bars (16mm dia) | Joint sealant (Polyurethane) | Sub-base GSB (Granular Sub-Base) | Drainage cells (HDPE honeycomb) | Pre-fabricated expansion joints | Solar-powered road markers,28-May-2022,Passed,Sub-grade moisture content within limits. No swelling observed.,04-Jun-2022,Conditional Pass,Reflective road studs missing at 2 km mark. Install and re-inspect. Rest of road approved.,26-Aug-2022,Passed,Kerb stone alignment and levelling checked. Within plus/minus 5mm tolerance.,09-Feb-2022,14-Jul-2022,05-Aug-2022,07-Jan-2024
RW027,Anna Bridge Road,Suresh & Sons Civil Works,29500000,27470337,Within budget,Reclaimed Asphalt Pavement (RAP) mix with virgin bitumen VG-40 | Stone matrix asphalt (SMA) top layer | Anti-stripping agent | Bituminous macadam (BM) Grade 1 | RCC box drains | Pre-cast concrete medians | Glass bead road marking | Steel crash barriers (W-beam type),27-Dec-2021,Passed,Concrete cube strength at 28 days exceeds design strength. Approved.,08-Jun-2022,Passed,Riding quality index satisfactory. Surface texture depth adequate.,11-Aug-2022,Passed,Load deflection within permissible limits as per IRC:58-2015.,10-Aug-2021,22-Jun-2022,30-Jul-2022,18-Sep-2024
RW028,Koyambedu Canal Road,Pioneer Infra Projects Pvt. Ltd.,17500000,16715288,Within budget,Rigid pavement PQC M40 grade | Dowel bars (32mm dia MS) | Tie bars (16mm dia) | Joint sealant (Polyurethane) | Sub-base GSB (Granular Sub-Base) | Drainage cells (HDPE honeycomb) | Pre-fabricated expansion joints | Solar-powered road markers,17-May-2020,Passed,Riding quality index satisfactory. Surface texture depth adequate.,27-Jun-2020,Passed,Crash barrier installation inspected. Meets MORTH standards.,04-Sep-2021,Passed,Speed breakers conform to IRC:99-2018 specifications. Heights verified.,05-Apr-2020,20-Aug-2021,11-Sep-2021,09-May-2022
RW029,Vikram Loop Road,Arjun Construction Group,48900000,46056373,Within budget,Bituminous Macadam (BM) Grade 2 | Dense Bituminous Macadam (DBM) | Steel reinforcement bars (Fe500) | Portland Pozzolana Cement (PPC) | Coarse aggregates (20mm & 40mm) | Kerb stones (Granite) | Thermoplastic road marking paint | Reflective studs,24-May-2024,Passed,Bitumen content tested within acceptable range. Layer thickness meets IRC norms.,01-Jun-2024,Passed,Expansion joints properly aligned and sealed. No spalling at edges.,11-Jun-2025,Passed,"All road furniture, lighting, and markings in place. Final audit cleared.",03-Jan-2024,21-Apr-2025,07-May-2025,04-Apr-2025
RW030,Bhagat Singh Outer Ring Road,KSR Infrastructure Pvt. Ltd.,55500000,54850924,Within budget,Fly ash concrete (M25) | Bottom ash sub-base | PVC expansion strips | Silica fume admixture | Micro-silica blended cement | Reinforced earth retaining walls | Concrete interlocking pavers (footpath) | Cast iron manhole covers (Class D),25-Aug-2021,Passed,Concrete cube strength at 28 days exceeds design strength. Approved.,13-Nov-2021,Passed,"Road surface free of bleeding, rutting, or cracking. Excellent condition.",26-Feb-2022,Passed,Crash barrier installation inspected. Meets MORTH standards.,11-Oct-2020,30-Jan-2022,09-Mar-2022,24-Feb-2024
RW031,Tambaram Bypass Road,Prime Infra Developers Ltd.,73200000,70189611,Within budget,Salt-resistant bituminous mix (coastal formulation) | Corrosion-resistant reinforcement (HYSD Fe415D) | Fibre-reinforced concrete (polypropylene fibres) | Marine-grade epoxy coating for kerbs | Anti-skid surface dressing | HDPE geo-membrane (damp-proofing) | LED cat eyes,25-Aug-2022,Passed,Expansion joints properly aligned and sealed. No spalling at edges.,17-Nov-2022,Passed,Riding quality index satisfactory. Surface texture depth adequate.,19-Feb-2023,Passed,Sub-base CBR value above permissible limit. Approved to proceed.,07-Jul-2022,04-Feb-2023,03-Mar-2023,24-Aug-2024
RW032,Gokhale Bypass Road,South India Roads Ltd.,79000000,69516318,Within budget,Prestressed concrete slabs | Bituminous concrete (60/70 grade) | High-strength bolts (Grade 8.8) | Expansion joints (neoprene) | Anti-glare screens | Thermoplastic road marking tape | High-mast LED lighting supports | Rubberised asphalt | RCC culverts (2m x 1.5m) | Geogrid reinforcement,28-Jun-2021,Passed,Sub-grade moisture content within limits. No swelling observed.,28-Aug-2021,Passed,Quality of base layer found satisfactory. Compaction density above 98% Proctor.,11-Jan-2022,Passed,Sub-grade moisture content within limits. No swelling observed.,14-Apr-2021,29-Dec-2021,11-Feb-2022,01-Sep-2023
RW033,Chromepet Service Road,Sri Balaji Infrastructure Pvt. Ltd.,44000000,39802317,Within budget,Prestressed concrete slabs | Bituminous concrete (60/70 grade) | High-strength bolts (Grade 8.8) | Expansion joints (neoprene) | Anti-glare screens | Thermoplastic road marking tape | High-mast LED lighting supports | Rubberised asphalt | RCC culverts (2m x 1.5m) | Geogrid reinforcement,29-May-2022,Passed,Kerb stone alignment and levelling checked. Within plus/minus 5mm tolerance.,12-Nov-2022,Passed,Stormwater drains clear and functional. No ponding observed during simulation.,08-May-2023,Passed,Kerb stone alignment and levelling checked. Within plus/minus 5mm tolerance.,07-Jan-2022,24-Apr-2023,07-Jun-2023,05-Mar-2025
RW034,Ramanujan Outer Ring Road,Bharath Infra Projects Pvt. Ltd.,21000000,19420323,Within budget,Prestressed concrete slabs | Bituminous concrete (60/70 grade) | High-strength bolts (Grade 8.8) | Expansion joints (neoprene) | Anti-glare screens | Thermoplastic road marking tape | High-mast LED lighting supports | Rubberised asphalt | RCC culverts (2m x 1.5m) | Geogrid reinforcement,03-Sep-2022,Passed,Kerb stone alignment and levelling checked. Within plus/minus 5mm tolerance.,01-Jan-2023,Conditional Pass,Reflective road studs missing at 2 km mark. Install and re-inspect. Rest of road approved.,04-Jul-2023,Passed,Anti-skid surface dressing properly applied. Skid resistance test passed.,27-Apr-2022,10-May-2023,21-May-2023,12-Nov-2023
RW035,Ennore Cross Street,Pioneer Infra Projects Pvt. Ltd.,46800000,46012289,Within budget,Prestressed concrete slabs | Bituminous concrete (60/70 grade) | High-strength bolts (Grade 8.8) | Expansion joints (neoprene) | Anti-glare screens | Thermoplastic road marking tape | High-mast LED lighting supports | Rubberised asphalt | RCC culverts (2m x 1.5m) | Geogrid reinforcement,09-Jul-2020,Failed,Riding quality index below acceptable value. Surface reworking required.,17-Aug-2021,Passed,Riding quality index satisfactory. Surface texture depth adequate.,03-Dec-2021,Passed,Bitumen content tested within acceptable range. Layer thickness meets IRC norms.,31-May-2020,30-Oct-2021,14-Nov-2021,08-Jun-2023
RW036,Nehru Bypass Road,National Highway Infra Builders,10000000,8833962,Within budget,Salt-resistant bituminous mix (coastal formulation) | Corrosion-resistant reinforcement (HYSD Fe415D) | Fibre-reinforced concrete (polypropylene fibres) | Marine-grade epoxy coating for kerbs | Anti-skid surface dressing | HDPE geo-membrane (damp-proofing) | LED cat eyes,04-Dec-2022,Passed,Drainage channels functional. Road markings and signage verified.,18-Jan-2023,Passed,Concrete cube strength at 28 days exceeds design strength. Approved.,10-Mar-2023,Passed,Load deflection within permissible limits as per IRC:58-2015.,03-Oct-2022,28-Feb-2023,23-Mar-2023,09-Oct-2024
RW037,Indira Tank Road,Sri Balaji Infrastructure Pvt. Ltd.,39900000,38987234,Within budget,Prestressed concrete slabs | Bituminous concrete (60/70 grade) | High-strength bolts (Grade 8.8) | Expansion joints (neoprene) | Anti-glare screens | Thermoplastic road marking tape | High-mast LED lighting supports | Rubberised asphalt | RCC culverts (2m x 1.5m) | Geogrid reinforcement,19-Feb-2022,Passed,Load deflection within permissible limits as per IRC:58-2015.,10-May-2022,Conditional Pass,Speed breaker height at 3rd location slightly above tolerance. Grind and re-inspect.,14-Aug-2022,Passed,All manhole covers flush with road surface. No tripping hazards found.,23-Mar-2021,22-Jun-2022,14-Jul-2022,28-Dec-2022
RW038,Bhagat Singh Tank Road,Green Road Solutions Pvt. Ltd.,12200000,11101669,Within budget,Reclaimed Asphalt Pavement (RAP) mix with virgin bitumen VG-40 | Stone matrix asphalt (SMA) top layer | Anti-stripping agent | Bituminous macadam (BM) Grade 1 | RCC box drains | Pre-cast concrete medians | Glass bead road marking | Steel crash barriers (W-beam type),22-Jan-2020,Passed,Crash barrier installation inspected. Meets MORTH standards.,27-Mar-2020,Passed,Sub-base CBR value above permissible limit. Approved to proceed.,11-May-2020,Passed,Speed breakers conform to IRC:99-2018 specifications. Heights verified.,22-May-2019,05-May-2020,05-Jun-2020,15-Sep-2020
RW039,Raman Extension Road,Maha Infrastructure Pvt. Ltd.,35600000,34843374,Within budget,Salt-resistant bituminous mix (coastal formulation) | Corrosion-resistant reinforcement (HYSD Fe415D) | Fibre-reinforced concrete (polypropylene fibres) | Marine-grade epoxy coating for kerbs | Anti-skid surface dressing | HDPE geo-membrane (damp-proofing) | LED cat eyes,10-Dec-2021,Passed,Crash barrier installation inspected. Meets MORTH standards.,15-Apr-2022,Passed,"All road furniture, lighting, and markings in place. Final audit cleared.",11-Aug-2022,Passed,Crash barrier installation inspected. Meets MORTH standards.,10-Aug-2021,19-Jun-2022,16-Jul-2022,09-Sep-2023
RW040,Chromepet Cross Street,Sri Balaji Infrastructure Pvt. Ltd.,58600000,51301814,Within budget,Dense Bituminous Macadam (DBM) Layer I & II | Open graded premix carpet (OGPC) | Bitumen VG-30 | Crushed stone aggregate (10mm & 6mm) | Cement concrete kerbs | Epoxy road marking paint | Speed breaker rubber pads | PVC stormwater pipes (315mm dia),18-Jun-2021,Passed,Geotextile fabric placement verified. No displacement observed.,27-Dec-2021,Passed,Anti-skid surface dressing properly applied. Skid resistance test passed.,22-Jun-2022,Passed,Riding quality index satisfactory. Surface texture depth adequate.,27-Dec-2020,09-May-2022,04-Jun-2022,16-Aug-2023
RW041,Arignar Inner Ring Road,Arjun Construction Group,64800000,61345207,Within budget,Salt-resistant bituminous mix (coastal formulation) | Corrosion-resistant reinforcement (HYSD Fe415D) | Fibre-reinforced concrete (polypropylene fibres) | Marine-grade epoxy coating for kerbs | Anti-skid surface dressing | HDPE geo-membrane (damp-proofing) | LED cat eyes,26-Dec-2021,Passed,Sub-grade moisture content within limits. No swelling observed.,02-Jan-2022,Passed,Thermoplastic markings retroreflectivity tested and found satisfactory.,08-Dec-2022,Passed,"Road surface free of bleeding, rutting, or cracking. Excellent condition.",06-Jul-2021,13-Nov-2022,24-Nov-2022,28-May-2023
RW042,Tondiarpet Inner Ring Road,Arunachalam Road Works,64300000,60982100,Within budget,Rigid pavement PQC M40 grade | Dowel bars (32mm dia MS) | Tie bars (16mm dia) | Joint sealant (Polyurethane) | Sub-base GSB (Granular Sub-Base) | Drainage cells (HDPE honeycomb) | Pre-fabricated expansion joints | Solar-powered road markers,07-Dec-2020,Passed,Concrete cube strength at 28 days exceeds design strength. Approved.,06-Feb-2021,Passed,Anti-skid surface dressing properly applied. Skid resistance test passed.,02-May-2021,Passed,Anti-skid surface dressing properly applied. Skid resistance test passed.,19-Sep-2020,25-Apr-2021,19-May-2021,18-Dec-2021
RW043,Kolathur Link Road,Arunachalam Road Works,68300000,63071577,Within budget,Rigid pavement PQC M40 grade | Dowel bars (32mm dia MS) | Tie bars (16mm dia) | Joint sealant (Polyurethane) | Sub-base GSB (Granular Sub-Base) | Drainage cells (HDPE honeycomb) | Pre-fabricated expansion joints | Solar-powered road markers,18-Dec-2019,Passed,Sub-base CBR value above permissible limit. Approved to proceed.,25-Mar-2020,Passed,Joints sealed properly. No cracking observed. Road certified for use.,02-Jan-2021,Passed,Bitumen content tested within acceptable range. Layer thickness meets IRC norms.,25-Jul-2019,22-Dec-2020,13-Jan-2021,10-Feb-2022
RW044,Ambedkar Junction Road,Suresh & Sons Civil Works,79400000,74580559,Within budget,Salt-resistant bituminous mix (coastal formulation) | Corrosion-resistant reinforcement (HYSD Fe415D) | Fibre-reinforced concrete (polypropylene fibres) | Marine-grade epoxy coating for kerbs | Anti-skid surface dressing | HDPE geo-membrane (damp-proofing) | LED cat eyes,21-Jan-2020,Passed,Bitumen content tested within acceptable range. Layer thickness meets IRC norms.,25-May-2020,Conditional Pass,Reflective road studs missing at 2 km mark. Install and re-inspect. Rest of road approved.,15-Feb-2021,Passed,"Road surface free of bleeding, rutting, or cracking. Excellent condition.",30-Jul-2019,16-Jan-2021,26-Jan-2021,04-Dec-2022
RW045,Rajiv Salai,South India Roads Ltd.,58300000,60400000,"Overrun of Rs.2,100,000 approved. Reason: Unexpected soil stabilisation requirement",Lime-treated soil (sub-base) | Wet Mix Macadam (WMM) | Bituminous Concrete (BC) Grade 1 | Fly ash bricks (side drains) | White retro-reflective paint | Flexible delineators | RCC manholes | Geotextile fabric,01-Mar-2020,Passed,All manhole covers flush with road surface. No tripping hazards found.,07-Apr-2020,Passed,"All road furniture, lighting, and markings in place. Final audit cleared.",25-Apr-2021,Passed,Geotextile fabric placement verified. No displacement observed.,02-Nov-2019,21-Mar-2021,19-Apr-2021,13-Oct-2021
RW046,Chromepet Outer Ring Road,Bharath Infra Projects Pvt. Ltd.,53300000,49696574,Within budget,Prestressed concrete slabs | Bituminous concrete (60/70 grade) | High-strength bolts (Grade 8.8) | Expansion joints (neoprene) | Anti-glare screens | Thermoplastic road marking tape | High-mast LED lighting supports | Rubberised asphalt | RCC culverts (2m x 1.5m) | Geogrid reinforcement,06-Dec-2020,Passed,Concrete cube strength at 28 days exceeds design strength. Approved.,02-Mar-2021,Passed,"All road furniture, lighting, and markings in place. Final audit cleared.",12-Nov-2021,Passed,Concrete cube strength at 28 days exceeds design strength. Approved.,17-Sep-2020,03-Oct-2021,16-Oct-2021,30-Sep-2023
RW047,Thiruvalluvar Nagar Road,Sri Balaji Infrastructure Pvt. Ltd.,49800000,46470051,Within budget,Rigid pavement PQC M40 grade | Dowel bars (32mm dia MS) | Tie bars (16mm dia) | Joint sealant (Polyurethane) | Sub-base GSB (Granular Sub-Base) | Drainage cells (HDPE honeycomb) | Pre-fabricated expansion joints | Solar-powered road markers,18-Jun-2019,Passed,Sub-grade moisture content within limits. No swelling observed.,31-Aug-2019,Passed,Anti-skid surface dressing properly applied. Skid resistance test passed.,06-Oct-2019,Passed,Speed breakers conform to IRC:99-2018 specifications. Heights verified.,08-Mar-2019,02-Oct-2019,30-Oct-2019,20-Jan-2022
RW048,Guindy Avenue,Durai Constructions & Co.,14100000,12592225,Within budget,Fly ash concrete (M25) | Bottom ash sub-base | PVC expansion strips | Silica fume admixture | Micro-silica blended cement | Reinforced earth retaining walls | Concrete interlocking pavers (footpath) | Cast iron manhole covers (Class D),16-Jul-2024,Passed,Expansion joints properly aligned and sealed. No spalling at edges.,23-Sep-2024,Passed,"Road surface free of bleeding, rutting, or cracking. Excellent condition.",07-Dec-2024,Passed,Crash barrier installation inspected. Meets MORTH standards.,01-Mar-2024,24-Oct-2024,01-Dec-2024,02-Apr-2025
RW049,Bharathiyar Canal Road,Coastal Roads & Builders Ltd.,52200000,48781939,Within budget,Bituminous Macadam (BM) Grade 2 | Dense Bituminous Macadam (DBM) | Steel reinforcement bars (Fe500) | Portland Pozzolana Cement (PPC) | Coarse aggregates (20mm & 40mm) | Kerb stones (Granite) | Thermoplastic road marking paint | Reflective studs,13-Oct-2019,Passed,Geotextile fabric placement verified. No displacement observed.,30-Jan-2020,Conditional Pass,Speed breaker height at 3rd location slightly above tolerance. Grind and re-inspect.,01-Feb-2020,Passed,Crash barrier installation inspected. Meets MORTH standards.,07-Jul-2019,30-Jan-2020,10-Feb-2020,02-Jul-2022
RW050,Egmore Nagar Road,Pandian Road Builders,52600000,48331068,Within budget,Concrete M30 grade | River sand (Zone II) | Coarse aggregate (20mm) | HDPE drainage pipes | Pre-cast kerb stones | Anti-skid bituminous surface dressing | Solar road studs | Stormwater drain gratings (Cast iron),10-Dec-2021,Passed,"Road surface free of bleeding, rutting, or cracking. Excellent condition.",08-Apr-2022,Passed,Load deflection within permissible limits as per IRC:58-2015.,21-May-2022,Passed,Kerb stone alignment and levelling checked. Within plus/minus 5mm tolerance.,20-Aug-2021,15-May-2022,20-Jun-2022,25-Aug-2023
RW051,Patel Outer Ring Road,Durai Constructions & Co.,40200000,34822406,Within budget,Prestressed concrete slabs | Bituminous concrete (60/70 grade) | High-strength bolts (Grade 8.8) | Expansion joints (neoprene) | Anti-glare screens | Thermoplastic road marking tape | High-mast LED lighting supports | Rubberised asphalt | RCC culverts (2m x 1.5m) | Geogrid reinforcement,29-Aug-2024,Failed,Concrete surface shows honeycombing near culvert. Grouting and repair directed.,09-Sep-2024,Passed,"Road surface free of bleeding, rutting, or cracking. Excellent condition.",20-Nov-2024,Passed,Crash barrier installation inspected. Meets MORTH standards.,07-Nov-2023,25-Oct-2024,04-Nov-2024,07-Mar-2025
RW052,Ambedkar Ring Road,Tamil Nadu Road Dev. Corp.,64200000,57158805,Within budget,Salt-resistant bituminous mix (coastal formulation) | Corrosion-resistant reinforcement (HYSD Fe415D) | Fibre-reinforced concrete (polypropylene fibres) | Marine-grade epoxy coating for kerbs | Anti-skid surface dressing | HDPE geo-membrane (damp-proofing) | LED cat eyes,16-Oct-2019,Failed,Riding quality index below acceptable value. Surface reworking required.,24-Nov-2019,Passed,Drainage channels functional. Road markings and signage verified.,23-Jan-2020,Passed,Crash barrier installation inspected. Meets MORTH standards.,06-Sep-2019,19-Dec-2019,13-Jan-2020,08-Apr-2022
RW053,Bhagat Singh Avenue,Arjun Construction Group,37800000,33576964,Within budget,Salt-resistant bituminous mix (coastal formulation) | Corrosion-resistant reinforcement (HYSD Fe415D) | Fibre-reinforced concrete (polypropylene fibres) | Marine-grade epoxy coating for kerbs | Anti-skid surface dressing | HDPE geo-membrane (damp-proofing) | LED cat eyes,31-Oct-2021,Passed,Sub-base CBR value above permissible limit. Approved to proceed.,30-Jan-2022,Passed,Riding quality index satisfactory. Surface texture depth adequate.,08-Apr-2022,Passed,Joints sealed properly. No cracking observed. Road certified for use.,25-Aug-2021,27-Mar-2022,05-May-2022,18-Feb-2024
RW054,Valasaravakkam Cross Street,Bharath Infra Projects Pvt. Ltd.,59900000,50936512,Within budget,Rigid pavement PQC M40 grade | Dowel bars (32mm dia MS) | Tie bars (16mm dia) | Joint sealant (Polyurethane) | Sub-base GSB (Granular Sub-Base) | Drainage cells (HDPE honeycomb) | Pre-fabricated expansion joints | Solar-powered road markers,13-Jul-2024,Passed,Kerb stone alignment and levelling checked. Within plus/minus 5mm tolerance.,15-Jul-2024,Passed,Crash barrier installation inspected. Meets MORTH standards.,28-Oct-2024,Passed,Stormwater drains clear and functional. No ponding observed during simulation.,12-Sep-2023,06-Oct-2024,16-Nov-2024,03-Apr-2025
RW055,Vikram Bypass Road,Pandian Road Builders,47200000,45244797,Within budget,Bituminous Macadam (BM) Grade 2 | Dense Bituminous Macadam (DBM) | Steel reinforcement bars (Fe500) | Portland Pozzolana Cement (PPC) | Coarse aggregates (20mm & 40mm) | Kerb stones (Granite) | Thermoplastic road marking paint | Reflective studs,26-May-2021,Passed,Sub-base CBR value above permissible limit. Approved to proceed.,27-Jun-2021,Passed,"Road surface free of bleeding, rutting, or cracking. Excellent condition.",10-Mar-2022,Passed,Bitumen content tested within acceptable range. Layer thickness meets IRC norms.,13-Oct-2020,27-Jan-2022,08-Mar-2022,28-May-2024
RW056,Lal Bahadur Extension Road,Pandian Road Builders,41900000,40743000,Within budget,Salt-resistant bituminous mix (coastal formulation) | Corrosion-resistant reinforcement (HYSD Fe415D) | Fibre-reinforced concrete (polypropylene fibres) | Marine-grade epoxy coating for kerbs | Anti-skid surface dressing | HDPE geo-membrane (damp-proofing) | LED cat eyes,04-Nov-2019,Passed,"Road surface free of bleeding, rutting, or cracking. Excellent condition.",18-Apr-2020,Conditional Pass,Reflective road studs missing at 2 km mark. Install and re-inspect. Rest of road approved.,10-Sep-2020,Passed,Stormwater drains clear and functional. No ponding observed during simulation.,24-Jul-2019,17-Jul-2020,25-Aug-2020,08-Dec-2020
RW057,Meenambakkam Salai,Sterling Road Builders,41600000,40364808,Within budget,Prestressed concrete slabs | Bituminous concrete (60/70 grade) | High-strength bolts (Grade 8.8) | Expansion joints (neoprene) | Anti-glare screens | Thermoplastic road marking tape | High-mast LED lighting supports | Rubberised asphalt | RCC culverts (2m x 1.5m) | Geogrid reinforcement,24-Jul-2024,Passed,"All road furniture, lighting, and markings in place. Final audit cleared.",12-Nov-2024,Passed,Riding quality index satisfactory. Surface texture depth adequate.,30-Jan-2025,Passed,Speed breakers conform to IRC:99-2018 specifications. Heights verified.,08-May-2024,15-Jan-2025,25-Feb-2025,29-Apr-2025
RW058,Tagore Street,Lakshmi Infra Pvt. Ltd.,25000000,24411984,Within budget,Bituminous Macadam (BM) Grade 2 | Dense Bituminous Macadam (DBM) | Steel reinforcement bars (Fe500) | Portland Pozzolana Cement (PPC) | Coarse aggregates (20mm & 40mm) | Kerb stones (Granite) | Thermoplastic road marking paint | Reflective studs,27-May-2021,Failed,Concrete surface shows honeycombing near culvert. Grouting and repair directed.,04-Jul-2021,Passed,Concrete cube strength at 28 days exceeds design strength. Approved.,03-Apr-2022,Passed,Concrete cube strength at 28 days exceeds design strength. Approved.,26-Oct-2020,07-Mar-2022,20-Mar-2022,14-Apr-2023
RW059,Raman Salai,Chennai Metro Infra Ltd.,47100000,41623031,Within budget,Fly ash concrete (M25) | Bottom ash sub-base | PVC expansion strips | Silica fume admixture | Micro-silica blended cement | Reinforced earth retaining walls | Concrete interlocking pavers (footpath) | Cast iron manhole covers (Class D),24-Jan-2020,Passed,Crash barrier installation inspected. Meets MORTH standards.,15-Apr-2020,Passed,Load deflection within permissible limits as per IRC:58-2015.,01-Jun-2020,Passed,Expansion joints properly aligned and sealed. No spalling at edges.,21-Oct-2019,16-May-2020,24-Jun-2020,07-Jul-2022
RW060,Srinivasa Salai,Lakshmi Infra Pvt. Ltd.,43300000,38618473,Within budget,Prestressed concrete slabs | Bituminous concrete (60/70 grade) | High-strength bolts (Grade 8.8) | Expansion joints (neoprene) | Anti-glare screens | Thermoplastic road marking tape | High-mast LED lighting supports | Rubberised asphalt | RCC culverts (2m x 1.5m) | Geogrid reinforcement,02-Feb-2023,Passed,Sub-grade moisture content within limits. No swelling observed.,21-Apr-2023,Passed,Thermoplastic markings retroreflectivity tested and found satisfactory.,13-Aug-2023,Passed,Sub-grade moisture content within limits. No swelling observed.,14-Nov-2022,20-Jun-2023,29-Jul-2023,31-Aug-2024
RW061,Adyar Bridge Road,Sri Balaji Infrastructure Pvt. Ltd.,75400000,64175482,Within budget,Bituminous Macadam (BM) Grade 2 | Dense Bituminous Macadam (DBM) | Steel reinforcement bars (Fe500) | Portland Pozzolana Cement (PPC) | Coarse aggregates (20mm & 40mm) | Kerb stones (Granite) | Thermoplastic road marking paint | Reflective studs,04-Jul-2024,Passed,All manhole covers flush with road surface. No tripping hazards found.,12-Feb-2025,Passed,Joints sealed properly. No cracking observed. Road certified for use.,04-May-2025,Passed,Sub-base CBR value above permissible limit. Approved to proceed.,08-Feb-2024,14-Mar-2025,24-Apr-2025,13-Mar-2025
RW062,Tagore High Road,Suresh & Sons Civil Works,53100000,54300000,"Overrun of Rs.1,200,000 approved. Reason: Scope addition for stormwater drainage",Concrete M30 grade | River sand (Zone II) | Coarse aggregate (20mm) | HDPE drainage pipes | Pre-cast kerb stones | Anti-skid bituminous surface dressing | Solar road studs | Stormwater drain gratings (Cast iron),20-Apr-2024,Passed,Thermoplastic markings retroreflectivity tested and found satisfactory.,27-May-2024,Passed,Geotextile fabric placement verified. No displacement observed.,12-Oct-2024,Passed,Geotextile fabric placement verified. No displacement observed.,06-Feb-2024,04-Oct-2024,03-Nov-2024,05-Apr-2025
RW063,Velachery Service Road,Green Road Solutions Pvt. Ltd.,38200000,34281449,Within budget,Concrete M30 grade | River sand (Zone II) | Coarse aggregate (20mm) | HDPE drainage pipes | Pre-cast kerb stones | Anti-skid bituminous surface dressing | Solar road studs | Stormwater drain gratings (Cast iron),14-Oct-2021,Passed,Kerb stone alignment and levelling checked. Within plus/minus 5mm tolerance.,05-Dec-2021,Passed,Quality of base layer found satisfactory. Compaction density above 98% Proctor.,15-Feb-2022,Passed,Joints sealed properly. No cracking observed. Road certified for use.,17-Aug-2021,23-Dec-2021,11-Jan-2022,22-May-2024
RW064,Saidapet Link Road,Pandian Road Builders,47000000,46137120,Within budget,Concrete M30 grade | River sand (Zone II) | Coarse aggregate (20mm) | HDPE drainage pipes | Pre-cast kerb stones | Anti-skid bituminous surface dressing | Solar road studs | Stormwater drain gratings (Cast iron),06-Mar-2023,Passed,Crash barrier installation inspected. Meets MORTH standards.,05-Apr-2023,Passed,Load deflection within permissible limits as per IRC:58-2015.,08-Jul-2023,Passed,Speed breakers conform to IRC:99-2018 specifications. Heights verified.,14-Oct-2022,11-May-2023,20-Jun-2023,13-Oct-2023
RW065,Rajiv Avenue,Coastal Roads & Builders Ltd.,11800000,10843815,Within budget,Concrete M30 grade | River sand (Zone II) | Coarse aggregate (20mm) | HDPE drainage pipes | Pre-cast kerb stones | Anti-skid bituminous surface dressing | Solar road studs | Stormwater drain gratings (Cast iron),30-Dec-2020,Passed,Expansion joints properly aligned and sealed. No spalling at edges.,12-Jan-2021,Passed,Speed breakers conform to IRC:99-2018 specifications. Heights verified.,06-Jun-2021,Passed,Sub-grade moisture content within limits. No swelling observed.,25-Apr-2020,25-Apr-2021,13-May-2021,12-Sep-2022
RW066,Gokhale Inner Ring Road,Maha Infrastructure Pvt. Ltd.,18100000,16945062,Within budget,Rigid pavement PQC M40 grade | Dowel bars (32mm dia MS) | Tie bars (16mm dia) | Joint sealant (Polyurethane) | Sub-base GSB (Granular Sub-Base) | Drainage cells (HDPE honeycomb) | Pre-fabricated expansion joints | Solar-powered road markers,21-Nov-2019,Passed,Thermoplastic markings retroreflectivity tested and found satisfactory.,21-Dec-2019,Passed,Expansion joints properly aligned and sealed. No spalling at edges.,24-Jul-2020,Passed,Thermoplastic markings retroreflectivity tested and found satisfactory.,09-Mar-2019,25-May-2020,27-Jun-2020,05-May-2021
RW067,Kamarajar Loop Road,Tamil Nadu Road Dev. Corp.,27400000,26930405,Within budget,Salt-resistant bituminous mix (coastal formulation) | Corrosion-resistant reinforcement (HYSD Fe415D) | Fibre-reinforced concrete (polypropylene fibres) | Marine-grade epoxy coating for kerbs | Anti-skid surface dressing | HDPE geo-membrane (damp-proofing) | LED cat eyes,28-Jun-2020,Failed,Cracks observed near junction box. Polymer-modified bitumen filling directed.,06-Jul-2020,Passed,Sub-grade moisture content within limits. No swelling observed.,09-Sep-2020,Passed,Anti-skid surface dressing properly applied. Skid resistance test passed.,07-Jul-2019,08-Sep-2020,01-Oct-2020,18-Oct-2022
RW068,Periyar Junction Road,National Highway Infra Builders,68000000,66079500,Within budget,Reclaimed Asphalt Pavement (RAP) mix with virgin bitumen VG-40 | Stone matrix asphalt (SMA) top layer | Anti-stripping agent | Bituminous macadam (BM) Grade 1 | RCC box drains | Pre-cast concrete medians | Glass bead road marking | Steel crash barriers (W-beam type),22-Jun-2023,Passed,Quality of base layer found satisfactory. Compaction density above 98% Proctor.,20-Jul-2023,Conditional Pass,Joint sealing incomplete at 3 locations. Surface texture satisfactory. Close in 2 weeks.,20-Nov-2023,Passed,Quality of base layer found satisfactory. Compaction density above 98% Proctor.,05-May-2023,17-Oct-2023,27-Oct-2023,03-Nov-2024
RW069,Royapettah Bypass Road,Pandian Road Builders,41100000,42000000,"Overrun of Rs.900,000 approved. Reason: Unexpected soil stabilisation requirement",Lime-treated soil (sub-base) | Wet Mix Macadam (WMM) | Bituminous Concrete (BC) Grade 1 | Fly ash bricks (side drains) | White retro-reflective paint | Flexible delineators | RCC manholes | Geotextile fabric,15-May-2023,Passed,Sub-grade moisture content within limits. No swelling observed.,06-Oct-2023,Passed,Drainage channels functional. Road markings and signage verified.,29-Jan-2024,Passed,Crash barrier installation inspected. Meets MORTH standards.,28-Feb-2023,30-Dec-2023,11-Feb-2024,04-Sep-2024
RW070,Arumbakkam Bypass Road,Chennai Metro Infra Ltd.,12400000,12117592,Within budget,Polymer Modified Bitumen (PMB 40) | Modified Bituminous Concrete (MBC) | Basalt fibre reinforcement | Warm mix asphalt additive (Evotherm) | Recycled concrete aggregate (30% blend) | Tactile paving blocks | High-visibility road studs | Galvanised steel guard rails,01-Jun-2021,Passed,Crash barrier installation inspected. Meets MORTH standards.,11-Jun-2021,Passed,Riding quality index satisfactory. Surface texture depth adequate.,26-Aug-2021,Passed,Riding quality index satisfactory. Surface texture depth adequate.,09-Sep-2020,30-Jul-2021,10-Aug-2021,09-Jan-2022
RW071,Kodambakkam Canal Road,KSR Infrastructure Pvt. Ltd.,14700000,13779845,Within budget,Fly ash concrete (M25) | Bottom ash sub-base | PVC expansion strips | Silica fume admixture | Micro-silica blended cement | Reinforced earth retaining walls | Concrete interlocking pavers (footpath) | Cast iron manhole covers (Class D),25-Dec-2022,Passed,Drainage channels functional. Road markings and signage verified.,29-Dec-2022,Passed,Drainage channels functional. Road markings and signage verified.,15-May-2023,Passed,Expansion joints properly aligned and sealed. No spalling at edges.,28-Jan-2022,27-Apr-2023,27-May-2023,18-Sep-2024
RW072,Karunanidhi Inner Ring Road,Lakshmi Infra Pvt. Ltd.,31300000,30230751,Within budget,Prestressed concrete slabs | Bituminous concrete (60/70 grade) | High-strength bolts (Grade 8.8) | Expansion joints (neoprene) | Anti-glare screens | Thermoplastic road marking tape | High-mast LED lighting supports | Rubberised asphalt | RCC culverts (2m x 1.5m) | Geogrid reinforcement,07-Dec-2021,Passed,"Road surface free of bleeding, rutting, or cracking. Excellent condition.",04-Jan-2022,Passed,Riding quality index satisfactory. Surface texture depth adequate.,18-Sep-2022,Passed,Riding quality index satisfactory. Surface texture depth adequate.,01-May-2021,07-Aug-2022,23-Aug-2022,07-Oct-2023
RW073,Bharathiyar Salai,Vel Murugan Builders,17800000,16058635,Within budget,Lime-treated soil (sub-base) | Wet Mix Macadam (WMM) | Bituminous Concrete (BC) Grade 1 | Fly ash bricks (side drains) | White retro-reflective paint | Flexible delineators | RCC manholes | Geotextile fabric,05-Apr-2022,Passed,Speed breakers conform to IRC:99-2018 specifications. Heights verified.,26-May-2022,Passed,Bitumen content tested within acceptable range. Layer thickness meets IRC norms.,20-Jun-2022,Passed,Load deflection within permissible limits as per IRC:58-2015.,13-Feb-2022,13-Jun-2022,28-Jul-2022,23-May-2024
RW074,Nungambakkam East Coast Road,Metro Build Solutions Pvt. Ltd.,67100000,58488535,Within budget,Salt-resistant bituminous mix (coastal formulation) | Corrosion-resistant reinforcement (HYSD Fe415D) | Fibre-reinforced concrete (polypropylene fibres) | Marine-grade epoxy coating for kerbs | Anti-skid surface dressing | HDPE geo-membrane (damp-proofing) | LED cat eyes,14-Mar-2021,Failed,Riding quality index below acceptable value. Surface reworking required.,10-Jul-2021,Passed,Speed breakers conform to IRC:99-2018 specifications. Heights verified.,02-Oct-2021,Passed,Expansion joints properly aligned and sealed. No spalling at edges.,04-Apr-2020,09-Sep-2021,25-Sep-2021,17-Dec-2022
RW075,Nehru Canal Road,Bharath Infra Projects Pvt. Ltd.,75300000,66824433,Within budget,Lime-treated soil (sub-base) | Wet Mix Macadam (WMM) | Bituminous Concrete (BC) Grade 1 | Fly ash bricks (side drains) | White retro-reflective paint | Flexible delineators | RCC manholes | Geotextile fabric,14-Sep-2020,Passed,Kerb stone alignment and levelling checked. Within plus/minus 5mm tolerance.,07-Feb-2021,Passed,Riding quality index satisfactory. Surface texture depth adequate.,16-Oct-2021,Passed,Sub-base CBR value above permissible limit. Approved to proceed.,13-Jul-2020,05-Oct-2021,03-Nov-2021,14-Jan-2023
RW076,Nehru Salai,Arunachalam Road Works,62300000,56616779,Within budget,Reclaimed Asphalt Pavement (RAP) mix with virgin bitumen VG-40 | Stone matrix asphalt (SMA) top layer | Anti-stripping agent | Bituminous macadam (BM) Grade 1 | RCC box drains | Pre-cast concrete medians | Glass bead road marking | Steel crash barriers (W-beam type),11-Mar-2020,Passed,Bitumen content tested within acceptable range. Layer thickness meets IRC norms.,03-Aug-2020,Conditional Pass,Joint sealing incomplete at 3 locations. Surface texture satisfactory. Close in 2 weeks.,23-Oct-2020,Passed,Concrete cube strength at 28 days exceeds design strength. Approved.,19-Nov-2019,24-Aug-2020,22-Sep-2020,29-Dec-2022
RW077,Ambedkar Salai,Tamil Nadu Road Dev. Corp.,53300000,48929007,Within budget,Salt-resistant bituminous mix (coastal formulation) | Corrosion-resistant reinforcement (HYSD Fe415D) | Fibre-reinforced concrete (polypropylene fibres) | Marine-grade epoxy coating for kerbs | Anti-skid surface dressing | HDPE geo-membrane (damp-proofing) | LED cat eyes,26-Jul-2021,Passed,Sub-grade moisture content within limits. No swelling observed.,06-Oct-2021,Passed,"Road surface free of bleeding, rutting, or cracking. Excellent condition.",04-Jan-2022,Passed,Geotextile fabric placement verified. No displacement observed.,28-Apr-2021,13-Dec-2021,05-Jan-2022,17-May-2024
RW078,Nungambakkam High Road,Blue Sea Constructions Pvt. Ltd.,48400000,41511202,Within budget,Dense Bituminous Macadam (DBM) Layer I & II | Open graded premix carpet (OGPC) | Bitumen VG-30 | Crushed stone aggregate (10mm & 6mm) | Cement concrete kerbs | Epoxy road marking paint | Speed breaker rubber pads | PVC stormwater pipes (315mm dia),13-Dec-2020,Failed,Road marking retroreflectivity below minimum value. Re-marking directed.,21-Jan-2021,Passed,Concrete cube strength at 28 days exceeds design strength. Approved.,15-Apr-2021,Passed,Sub-base CBR value above permissible limit. Approved to proceed.,09-Sep-2020,26-Mar-2021,13-Apr-2021,02-Sep-2023
RW079,Chromepet Junction Road,Sun Infra Builders Ltd.,31500000,30450092,Within budget,Reclaimed Asphalt Pavement (RAP) mix with virgin bitumen VG-40 | Stone matrix asphalt (SMA) top layer | Anti-stripping agent | Bituminous macadam (BM) Grade 1 | RCC box drains | Pre-cast concrete medians | Glass bead road marking | Steel crash barriers (W-beam type),01-Jul-2019,Failed,Road marking retroreflectivity below minimum value. Re-marking directed.,21-Nov-2019,Passed,Sub-grade moisture content within limits. No swelling observed.,13-May-2020,Passed,Kerb stone alignment and levelling checked. Within plus/minus 5mm tolerance.,28-May-2019,16-Mar-2020,28-Mar-2020,15-Sep-2021
RW080,Valasaravakkam Bridge Road,Metro Build Solutions Pvt. Ltd.,49400000,50500000,"Overrun of Rs.1,100,000 approved. Reason: Scope addition for stormwater drainage",Fly ash concrete (M25) | Bottom ash sub-base | PVC expansion strips | Silica fume admixture | Micro-silica blended cement | Reinforced earth retaining walls | Concrete interlocking pavers (footpath) | Cast iron manhole covers (Class D),10-Apr-2022,Passed,Geotextile fabric placement verified. No displacement observed.,05-Dec-2022,Passed,Riding quality index satisfactory. Surface texture depth adequate.,03-Jan-2023,Passed,Kerb stone alignment and levelling checked. Within plus/minus 5mm tolerance.,31-Jul-2021,28-Dec-2022,30-Jan-2023,29-Jul-2023
RW081,Nungambakkam Cross Street,Blue Sea Constructions Pvt. Ltd.,42100000,36235180,Within budget,Concrete M30 grade | River sand (Zone II) | Coarse aggregate (20mm) | HDPE drainage pipes | Pre-cast kerb stones | Anti-skid bituminous surface dressing | Solar road studs | Stormwater drain gratings (Cast iron),06-May-2022,Failed,Cracks observed near junction box. Polymer-modified bitumen filling directed.,19-Jul-2022,Passed,All manhole covers flush with road surface. No tripping hazards found.,23-Dec-2022,Passed,Sub-base CBR value above permissible limit. Approved to proceed.,22-Dec-2021,08-Dec-2022,30-Dec-2022,09-Apr-2025
RW082,Anna Nagar Outer Ring Road,Kavi Civil & Infrastructure Co.,65700000,59974030,Within budget,Fly ash concrete (M25) | Bottom ash sub-base | PVC expansion strips | Silica fume admixture | Micro-silica blended cement | Reinforced earth retaining walls | Concrete interlocking pavers (footpath) | Cast iron manhole covers (Class D),24-Nov-2022,Passed,Joints sealed properly. No cracking observed. Road certified for use.,21-May-2023,Passed,Sub-grade moisture content within limits. No swelling observed.,02-Oct-2023,Passed,Bitumen content tested within acceptable range. Layer thickness meets IRC norms.,09-Aug-2022,28-Sep-2023,28-Oct-2023,11-Apr-2025
RW083,Royapettah Extension Road,Durai Constructions & Co.,39700000,33954021,Within budget,Reclaimed Asphalt Pavement (RAP) mix with virgin bitumen VG-40 | Stone matrix asphalt (SMA) top layer | Anti-stripping agent | Bituminous macadam (BM) Grade 1 | RCC box drains | Pre-cast concrete medians | Glass bead road marking | Steel crash barriers (W-beam type),23-Oct-2023,Passed,Expansion joints properly aligned and sealed. No spalling at edges.,04-Apr-2024,Passed,Bitumen content tested within acceptable range. Layer thickness meets IRC norms.,31-May-2024,Passed,Crash barrier installation inspected. Meets MORTH standards.,31-Aug-2023,23-Apr-2024,07-May-2024,07-Mar-2025
RW084,Vikram Cross Street,Chennai Metro Infra Ltd.,56700000,55797400,Within budget,Salt-resistant bituminous mix (coastal formulation) | Corrosion-resistant reinforcement (HYSD Fe415D) | Fibre-reinforced concrete (polypropylene fibres) | Marine-grade epoxy coating for kerbs | Anti-skid surface dressing | HDPE geo-membrane (damp-proofing) | LED cat eyes,12-Oct-2019,Failed,Kerb stones found misaligned at multiple locations. Reset and re-bedding required.,13-Jun-2020,Passed,Crash barrier installation inspected. Meets MORTH standards.,27-Jan-2021,Passed,Geotextile fabric placement verified. No displacement observed.,31-Jul-2019,17-Dec-2020,17-Jan-2021,18-Apr-2023
RW085,Vadapalani Canal Road,Vignesh Road Works Ltd.,45200000,40210150,Within budget,Prestressed concrete slabs | Bituminous concrete (60/70 grade) | High-strength bolts (Grade 8.8) | Expansion joints (neoprene) | Anti-glare screens | Thermoplastic road marking tape | High-mast LED lighting supports | Rubberised asphalt | RCC culverts (2m x 1.5m) | Geogrid reinforcement,28-Sep-2023,Passed,Kerb stone alignment and levelling checked. Within plus/minus 5mm tolerance.,17-Nov-2023,Passed,Load deflection within permissible limits as per IRC:58-2015.,28-Jan-2024,Passed,Joints sealed properly. No cracking observed. Road certified for use.,06-May-2023,24-Jan-2024,06-Feb-2024,22-Mar-2025
RW086,Gokhale Cross Street,Durai Constructions & Co.,67600000,66136088,Within budget,Rigid pavement PQC M40 grade | Dowel bars (32mm dia MS) | Tie bars (16mm dia) | Joint sealant (Polyurethane) | Sub-base GSB (Granular Sub-Base) | Drainage cells (HDPE honeycomb) | Pre-fabricated expansion joints | Solar-powered road markers,05-Aug-2023,Failed,Pothole formation near storm drain. Emergency patching and proper sealing ordered.,01-Nov-2023,Passed,Sub-base CBR value above permissible limit. Approved to proceed.,25-Jan-2024,Passed,Geotextile fabric placement verified. No displacement observed.,05-Sep-2022,26-Nov-2023,31-Dec-2023,09-Aug-2024
RW087,Vivekananda Inner Ring Road,RK Road Works Pvt. Ltd.,45000000,46000000,"Overrun of Rs.1,000,000 approved. Reason: Scope addition for stormwater drainage",Dense Bituminous Macadam (DBM) Layer I & II | Open graded premix carpet (OGPC) | Bitumen VG-30 | Crushed stone aggregate (10mm & 6mm) | Cement concrete kerbs | Epoxy road marking paint | Speed breaker rubber pads | PVC stormwater pipes (315mm dia),09-Apr-2021,Failed,Bitumen content found low at 4.1% against required 4.8%. Layer to be redone.,24-Apr-2021,Passed,Geotextile fabric placement verified. No displacement observed.,05-Apr-2022,Passed,Expansion joints properly aligned and sealed. No spalling at edges.,30-Nov-2020,27-Mar-2022,07-May-2022,17-Feb-2023
RW088,Patel Cross Street,Siva Shakti Construction Co.,71200000,64275143,Within budget,Lime-treated soil (sub-base) | Wet Mix Macadam (WMM) | Bituminous Concrete (BC) Grade 1 | Fly ash bricks (side drains) | White retro-reflective paint | Flexible delineators | RCC manholes | Geotextile fabric,28-Mar-2020,Passed,Crash barrier installation inspected. Meets MORTH standards.,16-Sep-2020,Passed,All manhole covers flush with road surface. No tripping hazards found.,30-Jun-2021,Passed,Load deflection within permissible limits as per IRC:58-2015.,06-Jan-2020,04-Jun-2021,24-Jun-2021,30-Sep-2023
RW089,Thiruvottiyur Bypass Road,Saravana Civil Engineers Ltd.,32400000,31207917,Within budget,Salt-resistant bituminous mix (coastal formulation) | Corrosion-resistant reinforcement (HYSD Fe415D) | Fibre-reinforced concrete (polypropylene fibres) | Marine-grade epoxy coating for kerbs | Anti-skid surface dressing | HDPE geo-membrane (damp-proofing) | LED cat eyes,06-Nov-2024,Passed,Geotextile fabric placement verified. No displacement observed.,13-Dec-2024,Passed,Geotextile fabric placement verified. No displacement observed.,25-Jul-2025,Passed,Speed breakers conform to IRC:99-2018 specifications. Heights verified.,26-Jan-2024,26-Jun-2025,18-Jul-2025,19-Mar-2025
RW090,Srinivasa Ring Road,Green Road Solutions Pvt. Ltd.,69900000,61861531,Within budget,Salt-resistant bituminous mix (coastal formulation) | Corrosion-resistant reinforcement (HYSD Fe415D) | Fibre-reinforced concrete (polypropylene fibres) | Marine-grade epoxy coating for kerbs | Anti-skid surface dressing | HDPE geo-membrane (damp-proofing) | LED cat eyes,25-Jun-2024,Passed,Concrete cube strength at 28 days exceeds design strength. Approved.,28-Aug-2024,Passed,Joints sealed properly. No cracking observed. Road certified for use.,04-Oct-2024,Passed,Crash barrier installation inspected. Meets MORTH standards.,26-Nov-2023,01-Sep-2024,16-Oct-2024,29-Apr-2025
RW091,Koyambedu Avenue,Prime Infra Developers Ltd.,52700000,53500000,"Overrun of Rs.800,000 approved. Reason: Emergency utility relocation",Reclaimed Asphalt Pavement (RAP) mix with virgin bitumen VG-40 | Stone matrix asphalt (SMA) top layer | Anti-stripping agent | Bituminous macadam (BM) Grade 1 | RCC box drains | Pre-cast concrete medians | Glass bead road marking | Steel crash barriers (W-beam type),14-May-2024,Passed,Thermoplastic markings retroreflectivity tested and found satisfactory.,20-Jun-2024,Passed,"All road furniture, lighting, and markings in place. Final audit cleared.",24-Jul-2024,Passed,Quality of base layer found satisfactory. Compaction density above 98% Proctor.,20-Mar-2024,01-Jul-2024,06-Aug-2024,28-Dec-2024
RW092,T. Nagar Street,Prime Infra Developers Ltd.,74500000,64848294,Within budget,Bituminous Macadam (BM) Grade 2 | Dense Bituminous Macadam (DBM) | Steel reinforcement bars (Fe500) | Portland Pozzolana Cement (PPC) | Coarse aggregates (20mm & 40mm) | Kerb stones (Granite) | Thermoplastic road marking paint | Reflective studs,19-Dec-2020,Passed,Quality of base layer found satisfactory. Compaction density above 98% Proctor.,08-Nov-2021,Passed,Riding quality index satisfactory. Surface texture depth adequate.,23-Feb-2022,Passed,Quality of base layer found satisfactory. Compaction density above 98% Proctor.,10-Aug-2020,06-Jan-2022,15-Feb-2022,27-Apr-2024
RW093,Velachery Ring Road,Prime Infra Developers Ltd.,23300000,22177239,Within budget,Polymer Modified Bitumen (PMB 40) | Modified Bituminous Concrete (MBC) | Basalt fibre reinforcement | Warm mix asphalt additive (Evotherm) | Recycled concrete aggregate (30% blend) | Tactile paving blocks | High-visibility road studs | Galvanised steel guard rails,23-Jul-2021,Passed,All manhole covers flush with road surface. No tripping hazards found.,30-Jul-2021,Passed,Crash barrier installation inspected. Meets MORTH standards.,12-Oct-2021,Passed,Riding quality index satisfactory. Surface texture depth adequate.,16-May-2021,09-Oct-2021,06-Nov-2021,05-Oct-2022
RW094,Rajiv Service Road,Chennai Metro Infra Ltd.,62800000,64500000,"Overrun of Rs.1,700,000 approved. Reason: Additional median divider required",Dense Bituminous Macadam (DBM) Layer I & II | Open graded premix carpet (OGPC) | Bitumen VG-30 | Crushed stone aggregate (10mm & 6mm) | Cement concrete kerbs | Epoxy road marking paint | Speed breaker rubber pads | PVC stormwater pipes (315mm dia),10-Feb-2023,Passed,Riding quality index satisfactory. Surface texture depth adequate.,29-May-2023,Passed,Geotextile fabric placement verified. No displacement observed.,15-Jul-2023,Passed,Thermoplastic markings retroreflectivity tested and found satisfactory.,11-Jan-2023,23-Jun-2023,21-Jul-2023,31-Dec-2024
RW095,Periyar Extension Road,Saravana Civil Engineers Ltd.,59900000,55171923,Within budget,Bituminous Macadam (BM) Grade 2 | Dense Bituminous Macadam (DBM) | Steel reinforcement bars (Fe500) | Portland Pozzolana Cement (PPC) | Coarse aggregates (20mm & 40mm) | Kerb stones (Granite) | Thermoplastic road marking paint | Reflective studs,23-Nov-2021,Passed,Riding quality index satisfactory. Surface texture depth adequate.,28-Feb-2022,Conditional Pass,Reflective road studs missing at 2 km mark. Install and re-inspect. Rest of road approved.,21-Sep-2022,Passed,"All road furniture, lighting, and markings in place. Final audit cleared.",10-Mar-2021,29-Aug-2022,08-Oct-2022,19-Feb-2023
RW096,Villivakkam Avenue,Coastal Roads & Builders Ltd.,44000000,42411214,Within budget,Lime-treated soil (sub-base) | Wet Mix Macadam (WMM) | Bituminous Concrete (BC) Grade 1 | Fly ash bricks (side drains) | White retro-reflective paint | Flexible delineators | RCC manholes | Geotextile fabric,28-Jan-2024,Failed,Kerb stones found misaligned at multiple locations. Reset and re-bedding required.,15-Aug-2024,Passed,Bitumen content tested within acceptable range. Layer thickness meets IRC norms.,17-Feb-2025,Passed,Load deflection within permissible limits as per IRC:58-2015.,28-Aug-2023,28-Dec-2024,05-Feb-2025,01-Apr-2025
RW097,Sarabhai High Road,Green Road Solutions Pvt. Ltd.,28400000,25394808,Within budget,Rigid pavement PQC M40 grade | Dowel bars (32mm dia MS) | Tie bars (16mm dia) | Joint sealant (Polyurethane) | Sub-base GSB (Granular Sub-Base) | Drainage cells (HDPE honeycomb) | Pre-fabricated expansion joints | Solar-powered road markers,29-Jan-2022,Passed,Bitumen content tested within acceptable range. Layer thickness meets IRC norms.,23-Feb-2022,Passed,Stormwater drains clear and functional. No ponding observed during simulation.,28-Oct-2022,Passed,Joints sealed properly. No cracking observed. Road certified for use.,21-Nov-2021,10-Sep-2022,24-Oct-2022,20-May-2024
RW098,Bhagat Singh East Coast Road,Vel Murugan Builders,48900000,47689688,Within budget,Prestressed concrete slabs | Bituminous concrete (60/70 grade) | High-strength bolts (Grade 8.8) | Expansion joints (neoprene) | Anti-glare screens | Thermoplastic road marking tape | High-mast LED lighting supports | Rubberised asphalt | RCC culverts (2m x 1.5m) | Geogrid reinforcement,26-Feb-2021,Passed,Riding quality index satisfactory. Surface texture depth adequate.,12-Mar-2021,Passed,Speed breakers conform to IRC:99-2018 specifications. Heights verified.,27-Jul-2021,Passed,Riding quality index satisfactory. Surface texture depth adequate.,25-Nov-2020,29-May-2021,09-Jul-2021,15-Sep-2023
RW099,Ambattur Canal Road,Prime Infra Developers Ltd.,26400000,23627197,Within budget,Concrete M30 grade | River sand (Zone II) | Coarse aggregate (20mm) | HDPE drainage pipes | Pre-cast kerb stones | Anti-skid bituminous surface dressing | Solar road studs | Stormwater drain gratings (Cast iron),18-Jul-2021,Passed,Thermoplastic markings retroreflectivity tested and found satisfactory.,05-Nov-2021,Passed,Crash barrier installation inspected. Meets MORTH standards.,18-Feb-2022,Passed,Bitumen content tested within acceptable range. Layer thickness meets IRC norms.,02-Nov-2020,04-Jan-2022,01-Feb-2022,11-Mar-2023
RW100,Royapettah Canal Road,Vel Murugan Builders,36100000,34685128,Within budget,Bituminous Macadam (BM) Grade 2 | Dense Bituminous Macadam (DBM) | Steel reinforcement bars (Fe500) | Portland Pozzolana Cement (PPC) | Coarse aggregates (20mm & 40mm) | Kerb stones (Granite) | Thermoplastic road marking paint | Reflective studs,21-Mar-2020,Passed,All manhole covers flush with road surface. No tripping hazards found.,14-Jul-2020,Conditional Pass,Speed breaker height at 3rd location slightly above tolerance. Grind and re-inspect.,19-Aug-2020,Passed,Crash barrier installation inspected. Meets MORTH standards.,03-Jun-2019,09-Aug-2020,13-Sep-2020,19-Dec-2021
RW101,Patel Avenue,Durai Constructions & Co.,32100000,28931280,Within budget,Prestressed concrete slabs | Bituminous concrete (60/70 grade) | High-strength bolts (Grade 8.8) | Expansion joints (neoprene) | Anti-glare screens | Thermoplastic road marking tape | High-mast LED lighting supports | Rubberised asphalt | RCC culverts (2m x 1.5m) | Geogrid reinforcement,02-Jan-2025,Passed,Sub-base CBR value above permissible limit. Approved to proceed.,13-Jan-2025,Conditional Pass,Guard rail end treatment missing on south side. Complete within 1 week. Clearance pending.,05-Jun-2025,Passed,Thermoplastic markings retroreflectivity tested and found satisfactory.,28-Apr-2024,13-May-2025,25-May-2025,22-Apr-2025
RW102,Meenambakkam Cross Street,Maha Infrastructure Pvt. Ltd.,36500000,31604722,Within budget,Lime-treated soil (sub-base) | Wet Mix Macadam (WMM) | Bituminous Concrete (BC) Grade 1 | Fly ash bricks (side drains) | White retro-reflective paint | Flexible delineators | RCC manholes | Geotextile fabric,17-Jan-2022,Passed,All manhole covers flush with road surface. No tripping hazards found.,01-May-2022,Passed,Load deflection within permissible limits as per IRC:58-2015.,27-Nov-2022,Passed,"Road surface free of bleeding, rutting, or cracking. Excellent condition.",19-Oct-2021,09-Oct-2022,12-Nov-2022,07-Sep-2024
RW103,Sarabhai Street,KSR Infrastructure Pvt. Ltd.,15500000,15125133,Within budget,Salt-resistant bituminous mix (coastal formulation) | Corrosion-resistant reinforcement (HYSD Fe415D) | Fibre-reinforced concrete (polypropylene fibres) | Marine-grade epoxy coating for kerbs | Anti-skid surface dressing | HDPE geo-membrane (damp-proofing) | LED cat eyes,22-Jan-2020,Passed,Load deflection within permissible limits as per IRC:58-2015.,25-Aug-2020,Passed,Concrete cube strength at 28 days exceeds design strength. Approved.,18-Nov-2020,Passed,Concrete cube strength at 28 days exceeds design strength. Approved.,29-Jun-2019,14-Nov-2020,14-Dec-2020,26-Jan-2023
RW104,Triplicane Extension Road,Blue Sea Constructions Pvt. Ltd.,20400000,19602139,Within budget,Dense Bituminous Macadam (DBM) Layer I & II | Open graded premix carpet (OGPC) | Bitumen VG-30 | Crushed stone aggregate (10mm & 6mm) | Cement concrete kerbs | Epoxy road marking paint | Speed breaker rubber pads | PVC stormwater pipes (315mm dia),11-Jan-2024,Passed,Riding quality index satisfactory. Surface texture depth adequate.,01-Apr-2024,Conditional Pass,Minor rework required on left shoulder. Main surface approved. Clearance after shoulder repair.,04-Jul-2024,Passed,Load deflection within permissible limits as per IRC:58-2015.,07-Jun-2023,14-May-2024,25-May-2024,27-Mar-2025
RW105,Meenambakkam Service Road,RK Road Works Pvt. Ltd.,50000000,48263375,Within budget,Concrete M30 grade | River sand (Zone II) | Coarse aggregate (20mm) | HDPE drainage pipes | Pre-cast kerb stones | Anti-skid bituminous surface dressing | Solar road studs | Stormwater drain gratings (Cast iron),10-Feb-2020,Passed,Expansion joints properly aligned and sealed. No spalling at edges.,05-May-2020,Passed,Sub-grade moisture content within limits. No swelling observed.,25-Jun-2020,Passed,Concrete cube strength at 28 days exceeds design strength. Approved.,14-Sep-2019,23-May-2020,06-Jun-2020,08-Dec-2021
RW106,Lal Bahadur Inner Ring Road,RK Road Works Pvt. Ltd.,13600000,12546466,Within budget,Rigid pavement PQC M40 grade | Dowel bars (32mm dia MS) | Tie bars (16mm dia) | Joint sealant (Polyurethane) | Sub-base GSB (Granular Sub-Base) | Drainage cells (HDPE honeycomb) | Pre-fabricated expansion joints | Solar-powered road markers,31-Jan-2020,Passed,Riding quality index satisfactory. Surface texture depth adequate.,17-Mar-2020,Passed,Joints sealed properly. No cracking observed. Road certified for use.,23-Jul-2020,Passed,Anti-skid surface dressing properly applied. Skid resistance test passed.,04-Dec-2019,24-May-2020,23-Jun-2020,17-Sep-2022
RW107,Egmore Avenue,Maha Infrastructure Pvt. Ltd.,39000000,33660119,Within budget,Lime-treated soil (sub-base) | Wet Mix Macadam (WMM) | Bituminous Concrete (BC) Grade 1 | Fly ash bricks (side drains) | White retro-reflective paint | Flexible delineators | RCC manholes | Geotextile fabric,11-Apr-2023,Passed,Quality of base layer found satisfactory. Compaction density above 98% Proctor.,01-May-2023,Passed,Riding quality index satisfactory. Surface texture depth adequate.,09-Jun-2023,Passed,Bitumen content tested within acceptable range. Layer thickness meets IRC norms.,27-Apr-2022,19-May-2023,07-Jun-2023,27-Feb-2024
RW108,Tambaram Ring Road,Kavi Civil & Infrastructure Co.,66500000,62474007,Within budget,Salt-resistant bituminous mix (coastal formulation) | Corrosion-resistant reinforcement (HYSD Fe415D) | Fibre-reinforced concrete (polypropylene fibres) | Marine-grade epoxy coating for kerbs | Anti-skid surface dressing | HDPE geo-membrane (damp-proofing) | LED cat eyes,27-Jun-2024,Passed,Load deflection within permissible limits as per IRC:58-2015.,28-Oct-2024,Passed,Crash barrier installation inspected. Meets MORTH standards.,24-Feb-2025,Passed,Riding quality index satisfactory. Surface texture depth adequate.,26-Dec-2023,09-Feb-2025,25-Mar-2025,21-Mar-2025
RW109,Kamarajar Nagar Road,Lakshmi Infra Pvt. Ltd.,50500000,44367442,Within budget,Fly ash concrete (M25) | Bottom ash sub-base | PVC expansion strips | Silica fume admixture | Micro-silica blended cement | Reinforced earth retaining walls | Concrete interlocking pavers (footpath) | Cast iron manhole covers (Class D),17-Feb-2020,Passed,Drainage channels functional. Road markings and signage verified.,01-Apr-2020,Passed,Stormwater drains clear and functional. No ponding observed during simulation.,06-Jul-2020,Passed,"All road furniture, lighting, and markings in place. Final audit cleared.",22-Oct-2019,28-Jun-2020,28-Jul-2020,16-Nov-2022
RW110,Manali Street,Tamil Nadu Road Dev. Corp.,54000000,46631896,Within budget,Rigid pavement PQC M40 grade | Dowel bars (32mm dia MS) | Tie bars (16mm dia) | Joint sealant (Polyurethane) | Sub-base GSB (Granular Sub-Base) | Drainage cells (HDPE honeycomb) | Pre-fabricated expansion joints | Solar-powered road markers,29-Jun-2024,Passed,Anti-skid surface dressing properly applied. Skid resistance test passed.,13-Jan-2025,Passed,Concrete cube strength at 28 days exceeds design strength. Approved.,20-Feb-2025,Passed,"Road surface free of bleeding, rutting, or cracking. Excellent condition.",20-Apr-2024,31-Jan-2025,08-Mar-2025,07-Mar-2025
RW111,Koyambedu Outer Ring Road,Arjun Construction Group,39500000,34072971,Within budget,Prestressed concrete slabs | Bituminous concrete (60/70 grade) | High-strength bolts (Grade 8.8) | Expansion joints (neoprene) | Anti-glare screens | Thermoplastic road marking tape | High-mast LED lighting supports | Rubberised asphalt | RCC culverts (2m x 1.5m) | Geogrid reinforcement,24-Jan-2022,Passed,"Road surface free of bleeding, rutting, or cracking. Excellent condition.",30-May-2022,Passed,Load deflection within permissible limits as per IRC:58-2015.,24-Sep-2022,Passed,Expansion joints properly aligned and sealed. No spalling at edges.,01-Nov-2021,21-Sep-2022,16-Oct-2022,22-Aug-2023
RW112,Rajaji Street,Vel Murugan Builders,21700000,20655169,Within budget,Prestressed concrete slabs | Bituminous concrete (60/70 grade) | High-strength bolts (Grade 8.8) | Expansion joints (neoprene) | Anti-glare screens | Thermoplastic road marking tape | High-mast LED lighting supports | Rubberised asphalt | RCC culverts (2m x 1.5m) | Geogrid reinforcement,26-Mar-2021,Passed,Kerb stone alignment and levelling checked. Within plus/minus 5mm tolerance.,24-Apr-2021,Passed,Geotextile fabric placement verified. No displacement observed.,24-May-2021,Passed,Crash barrier installation inspected. Meets MORTH standards.,19-Jan-2021,12-May-2021,16-Jun-2021,05-Nov-2021
RW113,Egmore Canal Road,Ponni Constructions,70500000,70900000,"Overrun of Rs.400,000 approved. Reason: Emergency utility relocation",Reclaimed Asphalt Pavement (RAP) mix with virgin bitumen VG-40 | Stone matrix asphalt (SMA) top layer | Anti-stripping agent | Bituminous macadam (BM) Grade 1 | RCC box drains | Pre-cast concrete medians | Glass bead road marking | Steel crash barriers (W-beam type),21-Aug-2023,Passed,Bitumen content tested within acceptable range. Layer thickness meets IRC norms.,04-Oct-2023,Passed,Bitumen content tested within acceptable range. Layer thickness meets IRC norms.,12-Apr-2024,Passed,Sub-base CBR value above permissible limit. Approved to proceed.,16-Jun-2023,05-Mar-2024,19-Apr-2024,14-Mar-2025
RW114,Villivakkam Service Road,RK Road Works Pvt. Ltd.,54700000,53334602,Within budget,Lime-treated soil (sub-base) | Wet Mix Macadam (WMM) | Bituminous Concrete (BC) Grade 1 | Fly ash bricks (side drains) | White retro-reflective paint | Flexible delineators | RCC manholes | Geotextile fabric,21-Jun-2021,Passed,Geotextile fabric placement verified. No displacement observed.,12-Nov-2021,Passed,Geotextile fabric placement verified. No displacement observed.,26-Jan-2022,Passed,Expansion joints properly aligned and sealed. No spalling at edges.,02-Nov-2020,10-Dec-2021,09-Jan-2022,22-Sep-2022
RW115,Madhavaram Tank Road,Suresh & Sons Civil Works,56600000,51028867,Within budget,Concrete M30 grade | River sand (Zone II) | Coarse aggregate (20mm) | HDPE drainage pipes | Pre-cast kerb stones | Anti-skid bituminous surface dressing | Solar road studs | Stormwater drain gratings (Cast iron),15-Jul-2021,Passed,Sub-grade moisture content within limits. No swelling observed.,20-Apr-2022,Passed,Sub-grade moisture content within limits. No swelling observed.,03-Jul-2022,Passed,"All road furniture, lighting, and markings in place. Final audit cleared.",03-May-2021,26-May-2022,24-Jun-2022,03-Oct-2024
RW116,Ambedkar Tank Road,Arjun Construction Group,25400000,24154526,Within budget,Prestressed concrete slabs | Bituminous concrete (60/70 grade) | High-strength bolts (Grade 8.8) | Expansion joints (neoprene) | Anti-glare screens | Thermoplastic road marking tape | High-mast LED lighting supports | Rubberised asphalt | RCC culverts (2m x 1.5m) | Geogrid reinforcement,17-Sep-2020,Passed,Speed breakers conform to IRC:99-2018 specifications. Heights verified.,21-Dec-2020,Passed,Sub-base CBR value above permissible limit. Approved to proceed.,30-Mar-2021,Passed,Speed breakers conform to IRC:99-2018 specifications. Heights verified.,30-Oct-2019,23-Mar-2021,17-Apr-2021,17-Aug-2021
RW117,MGR Inner Ring Road,RK Road Works Pvt. Ltd.,70600000,68636930,Within budget,Bituminous Macadam (BM) Grade 2 | Dense Bituminous Macadam (DBM) | Steel reinforcement bars (Fe500) | Portland Pozzolana Cement (PPC) | Coarse aggregates (20mm & 40mm) | Kerb stones (Granite) | Thermoplastic road marking paint | Reflective studs,27-Mar-2023,Passed,Concrete cube strength at 28 days exceeds design strength. Approved.,27-Mar-2023,Passed,Crash barrier installation inspected. Meets MORTH standards.,06-Jul-2023,Passed,Expansion joints properly aligned and sealed. No spalling at edges.,16-Dec-2022,25-May-2023,07-Jul-2023,04-May-2024
RW118,Perambur Junction Road,Annamalai Construction Co.,77200000,73411752,Within budget,Rigid pavement PQC M40 grade | Dowel bars (32mm dia MS) | Tie bars (16mm dia) | Joint sealant (Polyurethane) | Sub-base GSB (Granular Sub-Base) | Drainage cells (HDPE honeycomb) | Pre-fabricated expansion joints | Solar-powered road markers,22-Nov-2022,Passed,Load deflection within permissible limits as per IRC:58-2015.,01-Jan-2023,Passed,Anti-skid surface dressing properly applied. Skid resistance test passed.,20-May-2023,Passed,"Road surface free of bleeding, rutting, or cracking. Excellent condition.",03-Jun-2022,06-May-2023,28-May-2023,04-May-2024
RW119,T. Nagar Service Road,Annamalai Construction Co.,65300000,62776595,Within budget,Rigid pavement PQC M40 grade | Dowel bars (32mm dia MS) | Tie bars (16mm dia) | Joint sealant (Polyurethane) | Sub-base GSB (Granular Sub-Base) | Drainage cells (HDPE honeycomb) | Pre-fabricated expansion joints | Solar-powered road markers,31-Oct-2020,Passed,Load deflection within permissible limits as per IRC:58-2015.,24-Nov-2020,Passed,Riding quality index satisfactory. Surface texture depth adequate.,01-Mar-2021,Passed,Thermoplastic markings retroreflectivity tested and found satisfactory.,12-Aug-2020,11-Jan-2021,24-Feb-2021,17-Jun-2022
RW120,Avadi Link Road,Arunachalam Road Works,57000000,55057054,Within budget,Rigid pavement PQC M40 grade | Dowel bars (32mm dia MS) | Tie bars (16mm dia) | Joint sealant (Polyurethane) | Sub-base GSB (Granular Sub-Base) | Drainage cells (HDPE honeycomb) | Pre-fabricated expansion joints | Solar-powered road markers,05-Mar-2025,Passed,Geotextile fabric placement verified. No displacement observed.,20-Mar-2025,Passed,"All road furniture, lighting, and markings in place. Final audit cleared.",21-Apr-2025,Passed,"All road furniture, lighting, and markings in place. Final audit cleared.",25-Mar-2024,06-Apr-2025,03-May-2025,25-Apr-2025
RW121,Ambedkar Street,Vel Murugan Builders,41800000,36118388,Within budget,Lime-treated soil (sub-base) | Wet Mix Macadam (WMM) | Bituminous Concrete (BC) Grade 1 | Fly ash bricks (side drains) | White retro-reflective paint | Flexible delineators | RCC manholes | Geotextile fabric,11-Oct-2019,Passed,Stormwater drains clear and functional. No ponding observed during simulation.,11-Nov-2019,Passed,Load deflection within permissible limits as per IRC:58-2015.,27-Feb-2020,Passed,Bitumen content tested within acceptable range. Layer thickness meets IRC norms.,11-Jan-2019,17-Jan-2020,06-Feb-2020,26-Jun-2021
RW122,Vivekananda Tank Road,Blue Sea Constructions Pvt. Ltd.,62700000,60759223,Within budget,Bituminous Macadam (BM) Grade 2 | Dense Bituminous Macadam (DBM) | Steel reinforcement bars (Fe500) | Portland Pozzolana Cement (PPC) | Coarse aggregates (20mm & 40mm) | Kerb stones (Granite) | Thermoplastic road marking paint | Reflective studs,18-Apr-2024,Passed,Load deflection within permissible limits as per IRC:58-2015.,10-Jul-2024,Passed,Bitumen content tested within acceptable range. Layer thickness meets IRC norms.,03-Oct-2024,Passed,Quality of base layer found satisfactory. Compaction density above 98% Proctor.,14-Feb-2024,11-Aug-2024,16-Sep-2024,03-Mar-2025
RW123,Besant Tank Road,Chennai Metro Infra Ltd.,18900000,16951521,Within budget,Salt-resistant bituminous mix (coastal formulation) | Corrosion-resistant reinforcement (HYSD Fe415D) | Fibre-reinforced concrete (polypropylene fibres) | Marine-grade epoxy coating for kerbs | Anti-skid surface dressing | HDPE geo-membrane (damp-proofing) | LED cat eyes,12-Nov-2022,Passed,Stormwater drains clear and functional. No ponding observed during simulation.,20-Jun-2023,Passed,Concrete cube strength at 28 days exceeds design strength. Approved.,07-Sep-2023,Passed,Crash barrier installation inspected. Meets MORTH standards.,06-Aug-2022,09-Aug-2023,21-Sep-2023,06-Mar-2025
RW124,Velachery Nagar Road,Sri Balaji Infrastructure Pvt. Ltd.,42500000,39503298,Within budget,Dense Bituminous Macadam (DBM) Layer I & II | Open graded premix carpet (OGPC) | Bitumen VG-30 | Crushed stone aggregate (10mm & 6mm) | Cement concrete kerbs | Epoxy road marking paint | Speed breaker rubber pads | PVC stormwater pipes (315mm dia),09-Aug-2020,Passed,Sub-base CBR value above permissible limit. Approved to proceed.,14-Oct-2020,Conditional Pass,Drainage outlet partially blocked. Debris to be cleared. Road surface approved.,05-Feb-2021,Passed,Stormwater drains clear and functional. No ponding observed during simulation.,26-Dec-2019,31-Jan-2021,07-Mar-2021,16-Aug-2022
RW125,Poonamallee Main Road,Tamil Nadu Road Dev. Corp.,47200000,45100823,Within budget,Reclaimed Asphalt Pavement (RAP) mix with virgin bitumen VG-40 | Stone matrix asphalt (SMA) top layer | Anti-stripping agent | Bituminous macadam (BM) Grade 1 | RCC box drains | Pre-cast concrete medians | Glass bead road marking | Steel crash barriers (W-beam type),09-Mar-2021,Passed,Concrete cube strength at 28 days exceeds design strength. Approved.,12-Apr-2021,Passed,Kerb stone alignment and levelling checked. Within plus/minus 5mm tolerance.,06-Oct-2021,Passed,Geotextile fabric placement verified. No displacement observed.,10-Sep-2020,03-Oct-2021,13-Oct-2021,05-Oct-2022
RW126,Nungambakkam Street,Maha Infrastructure Pvt. Ltd.,38200000,33651101,Within budget,Lime-treated soil (sub-base) | Wet Mix Macadam (WMM) | Bituminous Concrete (BC) Grade 1 | Fly ash bricks (side drains) | White retro-reflective paint | Flexible delineators | RCC manholes | Geotextile fabric,22-Dec-2021,Passed,Expansion joints properly aligned and sealed. No spalling at edges.,22-Dec-2021,Passed,Anti-skid surface dressing properly applied. Skid resistance test passed.,19-Mar-2022,Passed,"All road furniture, lighting, and markings in place. Final audit cleared.",06-Sep-2021,21-Feb-2022,01-Apr-2022,03-Aug-2024
RW127,Bharathiyar Extension Road,Lakshmi Infra Pvt. Ltd.,62000000,53377931,Within budget,Fly ash concrete (M25) | Bottom ash sub-base | PVC expansion strips | Silica fume admixture | Micro-silica blended cement | Reinforced earth retaining walls | Concrete interlocking pavers (footpath) | Cast iron manhole covers (Class D),29-Sep-2019,Failed,Joint sealant missing at 4 locations. Contractor directed to seal within 2 weeks.,22-Nov-2019,Passed,Crash barrier installation inspected. Meets MORTH standards.,20-Jan-2020,Passed,Drainage channels functional. Road markings and signage verified.,18-Aug-2019,17-Dec-2019,31-Jan-2020,29-Sep-2021
RW128,MGR Tank Road,Arjun Construction Group,17300000,15783959,Within budget,Bituminous Macadam (BM) Grade 2 | Dense Bituminous Macadam (DBM) | Steel reinforcement bars (Fe500) | Portland Pozzolana Cement (PPC) | Coarse aggregates (20mm & 40mm) | Kerb stones (Granite) | Thermoplastic road marking paint | Reflective studs,13-Oct-2021,Passed,Load deflection within permissible limits as per IRC:58-2015.,26-Nov-2021,Passed,Quality of base layer found satisfactory. Compaction density above 98% Proctor.,24-Dec-2021,Passed,Kerb stone alignment and levelling checked. Within plus/minus 5mm tolerance.,17-Jul-2021,21-Dec-2021,01-Feb-2022,01-Jul-2023
RW129,Velachery Main Road,Arunachalam Road Works,30300000,25947119,Within budget,Reclaimed Asphalt Pavement (RAP) mix with virgin bitumen VG-40 | Stone matrix asphalt (SMA) top layer | Anti-stripping agent | Bituminous macadam (BM) Grade 1 | RCC box drains | Pre-cast concrete medians | Glass bead road marking | Steel crash barriers (W-beam type),04-Mar-2023,Passed,Load deflection within permissible limits as per IRC:58-2015.,01-Apr-2023,Passed,Speed breakers conform to IRC:99-2018 specifications. Heights verified.,10-Apr-2023,Passed,Concrete cube strength at 28 days exceeds design strength. Approved.,05-Dec-2022,06-Apr-2023,20-May-2023,18-Oct-2023
RW130,Bose Inner Ring Road,Annamalai Construction Co.,47100000,46082456,Within budget,Prestressed concrete slabs | Bituminous concrete (60/70 grade) | High-strength bolts (Grade 8.8) | Expansion joints (neoprene) | Anti-glare screens | Thermoplastic road marking tape | High-mast LED lighting supports | Rubberised asphalt | RCC culverts (2m x 1.5m) | Geogrid reinforcement,23-Apr-2021,Passed,Sub-base CBR value above permissible limit. Approved to proceed.,24-Apr-2021,Passed,"All road furniture, lighting, and markings in place. Final audit cleared.",30-Jun-2021,Passed,Quality of base layer found satisfactory. Compaction density above 98% Proctor.,08-Feb-2021,19-Jun-2021,02-Aug-2021,16-Mar-2022
RW131,Gandhi Bridge Road,Lakshmi Infra Pvt. Ltd.,76900000,69931162,Within budget,Prestressed concrete slabs | Bituminous concrete (60/70 grade) | High-strength bolts (Grade 8.8) | Expansion joints (neoprene) | Anti-glare screens | Thermoplastic road marking tape | High-mast LED lighting supports | Rubberised asphalt | RCC culverts (2m x 1.5m) | Geogrid reinforcement,22-Oct-2023,Passed,Drainage channels functional. Road markings and signage verified.,22-Dec-2023,Passed,Bitumen content tested within acceptable range. Layer thickness meets IRC norms.,20-Mar-2024,Passed,Speed breakers conform to IRC:99-2018 specifications. Heights verified.,14-Aug-2023,08-Mar-2024,02-Apr-2024,09-Apr-2025
RW132,Gandhi Bypass Road,National Highway Infra Builders,14800000,15000000,"Overrun of Rs.200,000 approved. Reason: Emergency utility relocation",Fly ash concrete (M25) | Bottom ash sub-base | PVC expansion strips | Silica fume admixture | Micro-silica blended cement | Reinforced earth retaining walls | Concrete interlocking pavers (footpath) | Cast iron manhole covers (Class D),29-Dec-2022,Passed,Bitumen content tested within acceptable range. Layer thickness meets IRC norms.,21-Nov-2023,Passed,Sub-base CBR value above permissible limit. Approved to proceed.,26-Jan-2024,Passed,Geotextile fabric placement verified. No displacement observed.,08-Oct-2022,01-Jan-2024,14-Jan-2024,19-Dec-2024
RW133,Adyar Bypass Road,Prime Infra Developers Ltd.,66900000,62465096,Within budget,Reclaimed Asphalt Pavement (RAP) mix with virgin bitumen VG-40 | Stone matrix asphalt (SMA) top layer | Anti-stripping agent | Bituminous macadam (BM) Grade 1 | RCC box drains | Pre-cast concrete medians | Glass bead road marking | Steel crash barriers (W-beam type),24-Aug-2020,Passed,Sub-grade moisture content within limits. No swelling observed.,10-Oct-2020,Conditional Pass,Speed breaker height at 3rd location slightly above tolerance. Grind and re-inspect.,25-Jan-2021,Passed,Concrete cube strength at 28 days exceeds design strength. Approved.,30-Apr-2020,30-Dec-2020,18-Jan-2021,23-Feb-2023
RW134,Mogappair Junction Road,Arjun Construction Group,12800000,12567322,Within budget,Prestressed concrete slabs | Bituminous concrete (60/70 grade) | High-strength bolts (Grade 8.8) | Expansion joints (neoprene) | Anti-glare screens | Thermoplastic road marking tape | High-mast LED lighting supports | Rubberised asphalt | RCC culverts (2m x 1.5m) | Geogrid reinforcement,12-Oct-2023,Passed,"Road surface free of bleeding, rutting, or cracking. Excellent condition.",23-Jan-2024,Passed,"All road furniture, lighting, and markings in place. Final audit cleared.",09-Jun-2024,Passed,"All road furniture, lighting, and markings in place. Final audit cleared.",29-May-2023,21-May-2024,20-Jun-2024,05-Apr-2025
RW135,Besant Avenue,Green Road Solutions Pvt. Ltd.,55400000,51451865,Within budget,Prestressed concrete slabs | Bituminous concrete (60/70 grade) | High-strength bolts (Grade 8.8) | Expansion joints (neoprene) | Anti-glare screens | Thermoplastic road marking tape | High-mast LED lighting supports | Rubberised asphalt | RCC culverts (2m x 1.5m) | Geogrid reinforcement,19-Jul-2022,Passed,Crash barrier installation inspected. Meets MORTH standards.,24-Aug-2022,Conditional Pass,Reflective road studs missing at 2 km mark. Install and re-inspect. Rest of road approved.,24-Feb-2023,Passed,Riding quality index satisfactory. Surface texture depth adequate.,15-Feb-2022,11-Feb-2023,01-Mar-2023,30-Jun-2024
RW136,Vikram High Road,Tamil Nadu Road Dev. Corp.,46600000,43543463,Within budget,Concrete M30 grade | River sand (Zone II) | Coarse aggregate (20mm) | HDPE drainage pipes | Pre-cast kerb stones | Anti-skid bituminous surface dressing | Solar road studs | Stormwater drain gratings (Cast iron),05-Jul-2020,Passed,Quality of base layer found satisfactory. Compaction density above 98% Proctor.,22-Oct-2020,Passed,Anti-skid surface dressing properly applied. Skid resistance test passed.,30-Jul-2021,Passed,Anti-skid surface dressing properly applied. Skid resistance test passed.,21-Jan-2020,05-Jun-2021,20-Jul-2021,28-May-2022
RW137,Bhagat Singh Service Road,Bharath Infra Projects Pvt. Ltd.,32800000,31111705,Within budget,Prestressed concrete slabs | Bituminous concrete (60/70 grade) | High-strength bolts (Grade 8.8) | Expansion joints (neoprene) | Anti-glare screens | Thermoplastic road marking tape | High-mast LED lighting supports | Rubberised asphalt | RCC culverts (2m x 1.5m) | Geogrid reinforcement,30-May-2024,Passed,Joints sealed properly. No cracking observed. Road certified for use.,24-Jul-2024,Passed,Thermoplastic markings retroreflectivity tested and found satisfactory.,16-Oct-2024,Passed,Geotextile fabric placement verified. No displacement observed.,18-Feb-2024,17-Sep-2024,01-Nov-2024,13-Mar-2025
RW138,Tagore Service Road,Kavi Civil & Infrastructure Co.,40700000,36707276,Within budget,Prestressed concrete slabs | Bituminous concrete (60/70 grade) | High-strength bolts (Grade 8.8) | Expansion joints (neoprene) | Anti-glare screens | Thermoplastic road marking tape | High-mast LED lighting supports | Rubberised asphalt | RCC culverts (2m x 1.5m) | Geogrid reinforcement,11-Jun-2019,Passed,Speed breakers conform to IRC:99-2018 specifications. Heights verified.,17-Jul-2019,Passed,Load deflection within permissible limits as per IRC:58-2015.,02-May-2020,Passed,Sub-base CBR value above permissible limit. Approved to proceed.,04-Apr-2019,16-Apr-2020,10-May-2020,06-Sep-2022
RW139,Sarabhai Cross Street,Blue Sea Constructions Pvt. Ltd.,46800000,41390023,Within budget,Polymer Modified Bitumen (PMB 40) | Modified Bituminous Concrete (MBC) | Basalt fibre reinforcement | Warm mix asphalt additive (Evotherm) | Recycled concrete aggregate (30% blend) | Tactile paving blocks | High-visibility road studs | Galvanised steel guard rails,09-Jun-2023,Passed,Thermoplastic markings retroreflectivity tested and found satisfactory.,06-Nov-2023,Passed,Concrete cube strength at 28 days exceeds design strength. Approved.,27-Dec-2023,Passed,Sub-base CBR value above permissible limit. Approved to proceed.,02-Sep-2022,16-Nov-2023,17-Dec-2023,04-Dec-2024
RW140,Madhavaram Nagar Road,Bharath Infra Projects Pvt. Ltd.,63500000,62484835,Within budget,Polymer Modified Bitumen (PMB 40) | Modified Bituminous Concrete (MBC) | Basalt fibre reinforcement | Warm mix asphalt additive (Evotherm) | Recycled concrete aggregate (30% blend) | Tactile paving blocks | High-visibility road studs | Galvanised steel guard rails,04-May-2019,Passed,"All road furniture, lighting, and markings in place. Final audit cleared.",04-Jun-2020,Passed,Riding quality index satisfactory. Surface texture depth adequate.,11-Aug-2020,Passed,Sub-base CBR value above permissible limit. Approved to proceed.,11-Mar-2019,11-Aug-2020,25-Aug-2020,08-Oct-2022
RW141,Rajaji Ring Road,RK Road Works Pvt. Ltd.,54600000,51132732,Within budget,Fly ash concrete (M25) | Bottom ash sub-base | PVC expansion strips | Silica fume admixture | Micro-silica blended cement | Reinforced earth retaining walls | Concrete interlocking pavers (footpath) | Cast iron manhole covers (Class D),09-Nov-2024,Failed,Joint sealant missing at 4 locations. Contractor directed to seal within 2 weeks.,11-Dec-2024,Passed,Load deflection within permissible limits as per IRC:58-2015.,15-Jan-2025,Passed,Quality of base layer found satisfactory. Compaction density above 98% Proctor.,13-Feb-2024,15-Jan-2025,25-Feb-2025,01-May-2025
RW142,Arumbakkam Inner Ring Road,Green Road Solutions Pvt. Ltd.,26300000,26700000,"Overrun of Rs.400,000 approved. Reason: Additional median divider required",Lime-treated soil (sub-base) | Wet Mix Macadam (WMM) | Bituminous Concrete (BC) Grade 1 | Fly ash bricks (side drains) | White retro-reflective paint | Flexible delineators | RCC manholes | Geotextile fabric,05-Sep-2020,Passed,Kerb stone alignment and levelling checked. Within plus/minus 5mm tolerance.,13-Sep-2020,Passed,Crash barrier installation inspected. Meets MORTH standards.,01-Jan-2021,Passed,Sub-grade moisture content within limits. No swelling observed.,08-May-2020,12-Nov-2020,25-Dec-2020,08-Dec-2021
RW143,Poonamallee Bypass Road,Suresh & Sons Civil Works,78000000,67180336,Within budget,Bituminous Macadam (BM) Grade 2 | Dense Bituminous Macadam (DBM) | Steel reinforcement bars (Fe500) | Portland Pozzolana Cement (PPC) | Coarse aggregates (20mm & 40mm) | Kerb stones (Granite) | Thermoplastic road marking paint | Reflective studs,29-Dec-2019,Passed,Riding quality index satisfactory. Surface texture depth adequate.,08-Jan-2020,Passed,"Road surface free of bleeding, rutting, or cracking. Excellent condition.",06-May-2020,Passed,Speed breakers conform to IRC:99-2018 specifications. Heights verified.,11-Jul-2019,03-May-2020,06-Jun-2020,25-Sep-2021
RW144,Villivakkam Tank Road,Sterling Road Builders,17700000,17322659,Within budget,Dense Bituminous Macadam (DBM) Layer I & II | Open graded premix carpet (OGPC) | Bitumen VG-30 | Crushed stone aggregate (10mm & 6mm) | Cement concrete kerbs | Epoxy road marking paint | Speed breaker rubber pads | PVC stormwater pipes (315mm dia),30-Apr-2020,Passed,Expansion joints properly aligned and sealed. No spalling at edges.,23-Aug-2021,Passed,Sub-grade moisture content within limits. No swelling observed.,28-Aug-2021,Passed,Bitumen content tested within acceptable range. Layer thickness meets IRC norms.,08-Mar-2020,24-Aug-2021,03-Oct-2021,05-Oct-2022
RW145,Raman Cross Street,Sri Balaji Infrastructure Pvt. Ltd.,29200000,27895216,Within budget,Prestressed concrete slabs | Bituminous concrete (60/70 grade) | High-strength bolts (Grade 8.8) | Expansion joints (neoprene) | Anti-glare screens | Thermoplastic road marking tape | High-mast LED lighting supports | Rubberised asphalt | RCC culverts (2m x 1.5m) | Geogrid reinforcement,16-May-2024,Passed,Sub-base CBR value above permissible limit. Approved to proceed.,04-Jul-2024,Passed,Riding quality index satisfactory. Surface texture depth adequate.,05-Sep-2024,Passed,Geotextile fabric placement verified. No displacement observed.,17-Mar-2024,24-Jul-2024,22-Aug-2024,26-Mar-2025
RW146,Tondiarpet High Road,Metro Build Solutions Pvt. Ltd.,52700000,45355862,Within budget,Fly ash concrete (M25) | Bottom ash sub-base | PVC expansion strips | Silica fume admixture | Micro-silica blended cement | Reinforced earth retaining walls | Concrete interlocking pavers (footpath) | Cast iron manhole covers (Class D),08-Jun-2023,Passed,"All road furniture, lighting, and markings in place. Final audit cleared.",12-May-2024,Passed,Thermoplastic markings retroreflectivity tested and found satisfactory.,18-Jun-2024,Passed,Expansion joints properly aligned and sealed. No spalling at edges.,24-Apr-2023,01-Jun-2024,06-Jul-2024,11-Apr-2025
RW147,Chromepet Inner Ring Road,Vignesh Road Works Ltd.,77600000,70089109,Within budget,Fly ash concrete (M25) | Bottom ash sub-base | PVC expansion strips | Silica fume admixture | Micro-silica blended cement | Reinforced earth retaining walls | Concrete interlocking pavers (footpath) | Cast iron manhole covers (Class D),02-Nov-2020,Failed,Cracks observed near junction box. Polymer-modified bitumen filling directed.,07-Dec-2020,Passed,Kerb stone alignment and levelling checked. Within plus/minus 5mm tolerance.,24-Jan-2022,Passed,Stormwater drains clear and functional. No ponding observed during simulation.,27-Aug-2020,07-Jan-2022,01-Feb-2022,01-May-2024
RW148,Triplicane Street,Durai Constructions & Co.,8500000,7754235,Within budget,Rigid pavement PQC M40 grade | Dowel bars (32mm dia MS) | Tie bars (16mm dia) | Joint sealant (Polyurethane) | Sub-base GSB (Granular Sub-Base) | Drainage cells (HDPE honeycomb) | Pre-fabricated expansion joints | Solar-powered road markers,22-Oct-2019,Passed,Quality of base layer found satisfactory. Compaction density above 98% Proctor.,23-Nov-2019,Passed,Riding quality index satisfactory. Surface texture depth adequate.,06-Feb-2020,Passed,Thermoplastic markings retroreflectivity tested and found satisfactory.,29-Jul-2019,02-Jan-2020,17-Jan-2020,24-Oct-2020
RW149,Vivekananda Canal Road,Chennai Metro Infra Ltd.,41200000,35091180,Within budget,Prestressed concrete slabs | Bituminous concrete (60/70 grade) | High-strength bolts (Grade 8.8) | Expansion joints (neoprene) | Anti-glare screens | Thermoplastic road marking tape | High-mast LED lighting supports | Rubberised asphalt | RCC culverts (2m x 1.5m) | Geogrid reinforcement,05-Sep-2021,Passed,Concrete cube strength at 28 days exceeds design strength. Approved.,15-Jan-2022,Passed,Sub-base CBR value above permissible limit. Approved to proceed.,11-Aug-2022,Passed,Joints sealed properly. No cracking observed. Road certified for use.,05-Mar-2021,06-Jul-2022,21-Jul-2022,30-Oct-2024
RW150,Besant Link Road,Arjun Construction Group,22900000,24300000,"Overrun of Rs.1,400,000 approved. Reason: Bitumen price escalation",Prestressed concrete slabs | Bituminous concrete (60/70 grade) | High-strength bolts (Grade 8.8) | Expansion joints (neoprene) | Anti-glare screens | Thermoplastic road marking tape | High-mast LED lighting supports | Rubberised asphalt | RCC culverts (2m x 1.5m) | Geogrid reinforcement,10-Feb-2021,Passed,Anti-skid surface dressing properly applied. Skid resistance test passed.,10-Mar-2021,Passed,Crash barrier installation inspected. Meets MORTH standards.,23-Sep-2021,Passed,Drainage channels functional. Road markings and signage verified.,05-Sep-2020,08-Aug-2021,22-Aug-2021,24-Nov-2022
RW151,Bose Bridge Road,Sri Balaji Infrastructure Pvt. Ltd.,48500000,45436104,Within budget,Reclaimed Asphalt Pavement (RAP) mix with virgin bitumen VG-40 | Stone matrix asphalt (SMA) top layer | Anti-stripping agent | Bituminous macadam (BM) Grade 1 | RCC box drains | Pre-cast concrete medians | Glass bead road marking | Steel crash barriers (W-beam type),22-Sep-2021,Passed,Anti-skid surface dressing properly applied. Skid resistance test passed.,19-Dec-2021,Passed,"Road surface free of bleeding, rutting, or cracking. Excellent condition.",27-Mar-2022,Passed,Stormwater drains clear and functional. No ponding observed during simulation.,20-Jun-2021,08-Mar-2022,14-Apr-2022,09-May-2024
RW152,Raman Loop Road,Pioneer Infra Projects Pvt. Ltd.,37800000,35479319,Within budget,Fly ash concrete (M25) | Bottom ash sub-base | PVC expansion strips | Silica fume admixture | Micro-silica blended cement | Reinforced earth retaining walls | Concrete interlocking pavers (footpath) | Cast iron manhole covers (Class D),28-Sep-2023,Passed,Expansion joints properly aligned and sealed. No spalling at edges.,21-Oct-2023,Conditional Pass,Joint sealing incomplete at 3 locations. Surface texture satisfactory. Close in 2 weeks.,28-Dec-2023,Passed,Expansion joints properly aligned and sealed. No spalling at edges.,21-May-2023,21-Dec-2023,20-Jan-2024,14-Apr-2025
RW153,Nehru Outer Ring Road,Sun Infra Builders Ltd.,29400000,26189119,Within budget,Concrete M30 grade | River sand (Zone II) | Coarse aggregate (20mm) | HDPE drainage pipes | Pre-cast kerb stones | Anti-skid bituminous surface dressing | Solar road studs | Stormwater drain gratings (Cast iron),14-Nov-2023,Passed,Speed breakers conform to IRC:99-2018 specifications. Heights verified.,23-Aug-2024,Passed,Kerb stone alignment and levelling checked. Within plus/minus 5mm tolerance.,29-Jan-2025,Passed,Riding quality index satisfactory. Surface texture depth adequate.,05-Aug-2023,10-Jan-2025,15-Feb-2025,31-Mar-2025
RW154,Thiruvottiyur Canal Road,Arjun Construction Group,67600000,62254582,Within budget,Prestressed concrete slabs | Bituminous concrete (60/70 grade) | High-strength bolts (Grade 8.8) | Expansion joints (neoprene) | Anti-glare screens | Thermoplastic road marking tape | High-mast LED lighting supports | Rubberised asphalt | RCC culverts (2m x 1.5m) | Geogrid reinforcement,23-Mar-2022,Passed,"All road furniture, lighting, and markings in place. Final audit cleared.",26-Apr-2022,Conditional Pass,Speed breaker height at 3rd location slightly above tolerance. Grind and re-inspect.,15-Jun-2022,Passed,Thermoplastic markings retroreflectivity tested and found satisfactory.,18-Jan-2022,06-May-2022,08-Jun-2022,24-Aug-2024
RW155,Ramanujan Canal Road,Coastal Roads & Builders Ltd.,65600000,61981901,Within budget,Prestressed concrete slabs | Bituminous concrete (60/70 grade) | High-strength bolts (Grade 8.8) | Expansion joints (neoprene) | Anti-glare screens | Thermoplastic road marking tape | High-mast LED lighting supports | Rubberised asphalt | RCC culverts (2m x 1.5m) | Geogrid reinforcement,23-Apr-2023,Passed,Expansion joints properly aligned and sealed. No spalling at edges.,15-Jun-2023,Passed,Sub-grade moisture content within limits. No swelling observed.,22-Dec-2023,Passed,Sub-grade moisture content within limits. No swelling observed.,22-Mar-2023,06-Dec-2023,12-Jan-2024,28-Jul-2024
RW156,Jayalalithaa Outer Ring Road,Annamalai Construction Co.,48000000,45366612,Within budget,Polymer Modified Bitumen (PMB 40) | Modified Bituminous Concrete (MBC) | Basalt fibre reinforcement | Warm mix asphalt additive (Evotherm) | Recycled concrete aggregate (30% blend) | Tactile paving blocks | High-visibility road studs | Galvanised steel guard rails,31-Dec-2019,Passed,Sub-base CBR value above permissible limit. Approved to proceed.,19-Mar-2020,Conditional Pass,Reflective road studs missing at 2 km mark. Install and re-inspect. Rest of road approved.,23-Aug-2020,Passed,Load deflection within permissible limits as per IRC:58-2015.,05-Nov-2019,28-Jul-2020,08-Aug-2020,15-Mar-2022
RW157,Perambur Outer Ring Road,Green Road Solutions Pvt. Ltd.,29100000,26153975,Within budget,Concrete M30 grade | River sand (Zone II) | Coarse aggregate (20mm) | HDPE drainage pipes | Pre-cast kerb stones | Anti-skid bituminous surface dressing | Solar road studs | Stormwater drain gratings (Cast iron),19-Aug-2021,Passed,Stormwater drains clear and functional. No ponding observed during simulation.,15-Jan-2022,Conditional Pass,Speed breaker height at 3rd location slightly above tolerance. Grind and re-inspect.,20-Sep-2022,Passed,Drainage channels functional. Road markings and signage verified.,16-Jun-2021,18-Sep-2022,26-Oct-2022,16-Dec-2023
RW158,Ramanujan Bypass Road,RK Road Works Pvt. Ltd.,25800000,23125534,Within budget,Prestressed concrete slabs | Bituminous concrete (60/70 grade) | High-strength bolts (Grade 8.8) | Expansion joints (neoprene) | Anti-glare screens | Thermoplastic road marking tape | High-mast LED lighting supports | Rubberised asphalt | RCC culverts (2m x 1.5m) | Geogrid reinforcement,17-Sep-2024,Passed,All manhole covers flush with road surface. No tripping hazards found.,18-Oct-2024,Passed,Anti-skid surface dressing properly applied. Skid resistance test passed.,17-May-2025,Passed,Crash barrier installation inspected. Meets MORTH standards.,16-May-2024,07-Apr-2025,01-May-2025,22-Mar-2025
RW159,Mogappair Loop Road,Sri Balaji Infrastructure Pvt. Ltd.,29900000,28564234,Within budget,Concrete M30 grade | River sand (Zone II) | Coarse aggregate (20mm) | HDPE drainage pipes | Pre-cast kerb stones | Anti-skid bituminous surface dressing | Solar road studs | Stormwater drain gratings (Cast iron),12-Jun-2022,Passed,"Road surface free of bleeding, rutting, or cracking. Excellent condition.",07-Jul-2022,Passed,Geotextile fabric placement verified. No displacement observed.,29-Aug-2022,Passed,Stormwater drains clear and functional. No ponding observed during simulation.,28-Mar-2022,17-Aug-2022,30-Sep-2022,08-Jul-2023
RW160,Pallavaram Canal Road,South India Roads Ltd.,68100000,69300000,"Overrun of Rs.1,200,000 approved. Reason: Emergency utility relocation",Fly ash concrete (M25) | Bottom ash sub-base | PVC expansion strips | Silica fume admixture | Micro-silica blended cement | Reinforced earth retaining walls | Concrete interlocking pavers (footpath) | Cast iron manhole covers (Class D),01-Apr-2020,Failed,Improper compaction of WMM layer. Density less than 95% Proctor. Redo directed.,16-Nov-2020,Conditional Pass,Minor rework required on left shoulder. Main surface approved. Clearance after shoulder repair.,21-Jun-2021,Passed,Concrete cube strength at 28 days exceeds design strength. Approved.,20-Dec-2019,09-May-2021,07-Jun-2021,27-May-2023
RW161,Saidapet Avenue,RK Road Works Pvt. Ltd.,47700000,41465677,Within budget,Prestressed concrete slabs | Bituminous concrete (60/70 grade) | High-strength bolts (Grade 8.8) | Expansion joints (neoprene) | Anti-glare screens | Thermoplastic road marking tape | High-mast LED lighting supports | Rubberised asphalt | RCC culverts (2m x 1.5m) | Geogrid reinforcement,22-Aug-2021,Passed,Expansion joints properly aligned and sealed. No spalling at edges.,11-Oct-2021,Passed,Concrete cube strength at 28 days exceeds design strength. Approved.,14-Jan-2022,Passed,"Road surface free of bleeding, rutting, or cracking. Excellent condition.",16-May-2021,17-Nov-2021,28-Dec-2021,07-Jan-2024
RW162,Mylapore Avenue,Vignesh Road Works Ltd.,40200000,37656039,Within budget,Reclaimed Asphalt Pavement (RAP) mix with virgin bitumen VG-40 | Stone matrix asphalt (SMA) top layer | Anti-stripping agent | Bituminous macadam (BM) Grade 1 | RCC box drains | Pre-cast concrete medians | Glass bead road marking | Steel crash barriers (W-beam type),26-Jun-2024,Passed,Speed breakers conform to IRC:99-2018 specifications. Heights verified.,03-Aug-2024,Passed,Crash barrier installation inspected. Meets MORTH standards.,15-Sep-2024,Passed,"Road surface free of bleeding, rutting, or cracking. Excellent condition.",03-May-2024,05-Aug-2024,15-Sep-2024,19-Apr-2025
RW163,Ramanujan Salai,Pandian Road Builders,11100000,9777702,Within budget,Bituminous Macadam (BM) Grade 2 | Dense Bituminous Macadam (DBM) | Steel reinforcement bars (Fe500) | Portland Pozzolana Cement (PPC) | Coarse aggregates (20mm & 40mm) | Kerb stones (Granite) | Thermoplastic road marking paint | Reflective studs,27-Sep-2020,Passed,Expansion joints properly aligned and sealed. No spalling at edges.,09-Jan-2021,Passed,Geotextile fabric placement verified. No displacement observed.,14-Mar-2021,Passed,Drainage channels functional. Road markings and signage verified.,16-Jul-2020,06-Feb-2021,22-Mar-2021,11-Apr-2022
RW164,Rajiv Link Road,Kavi Civil & Infrastructure Co.,63600000,57326537,Within budget,Bituminous Macadam (BM) Grade 2 | Dense Bituminous Macadam (DBM) | Steel reinforcement bars (Fe500) | Portland Pozzolana Cement (PPC) | Coarse aggregates (20mm & 40mm) | Kerb stones (Granite) | Thermoplastic road marking paint | Reflective studs,27-Jul-2023,Passed,Load deflection within permissible limits as per IRC:58-2015.,09-Dec-2023,Passed,Bitumen content tested within acceptable range. Layer thickness meets IRC norms.,23-Aug-2024,Passed,Crash barrier installation inspected. Meets MORTH standards.,06-Apr-2023,07-Jul-2024,14-Aug-2024,18-Apr-2025
RW165,Tambaram East Coast Road,Sterling Road Builders,16900000,16716703,Within budget,Dense Bituminous Macadam (DBM) Layer I & II | Open graded premix carpet (OGPC) | Bitumen VG-30 | Crushed stone aggregate (10mm & 6mm) | Cement concrete kerbs | Epoxy road marking paint | Speed breaker rubber pads | PVC stormwater pipes (315mm dia),10-Feb-2021,Failed,Riding quality index below acceptable value. Surface reworking required.,23-Mar-2021,Conditional Pass,Joint sealing incomplete at 3 locations. Surface texture satisfactory. Close in 2 weeks.,19-Aug-2021,Passed,Bitumen content tested within acceptable range. Layer thickness meets IRC norms.,05-Mar-2020,23-Jul-2021,24-Aug-2021,19-Nov-2023
RW166,Tondiarpet Junction Road,Tamil Nadu Road Dev. Corp.,69100000,61866025,Within budget,Rigid pavement PQC M40 grade | Dowel bars (32mm dia MS) | Tie bars (16mm dia) | Joint sealant (Polyurethane) | Sub-base GSB (Granular Sub-Base) | Drainage cells (HDPE honeycomb) | Pre-fabricated expansion joints | Solar-powered road markers,01-Nov-2020,Passed,Joints sealed properly. No cracking observed. Road certified for use.,22-Dec-2020,Passed,Sub-base CBR value above permissible limit. Approved to proceed.,20-Oct-2021,Passed,Sub-base CBR value above permissible limit. Approved to proceed.,15-Aug-2020,02-Sep-2021,29-Sep-2021,07-Jun-2023
RW167,Poonamallee Avenue,Sun Infra Builders Ltd.,40900000,39125197,Within budget,Prestressed concrete slabs | Bituminous concrete (60/70 grade) | High-strength bolts (Grade 8.8) | Expansion joints (neoprene) | Anti-glare screens | Thermoplastic road marking tape | High-mast LED lighting supports | Rubberised asphalt | RCC culverts (2m x 1.5m) | Geogrid reinforcement,21-Dec-2021,Failed,Bitumen content found low at 4.1% against required 4.8%. Layer to be redone.,15-Jan-2022,Passed,Kerb stone alignment and levelling checked. Within plus/minus 5mm tolerance.,07-Apr-2022,Passed,Geotextile fabric placement verified. No displacement observed.,29-Sep-2021,10-Mar-2022,06-Apr-2022,07-Apr-2024
RW168,Egmore East Coast Road,Lakshmi Infra Pvt. Ltd.,57900000,49235046,Within budget,Concrete M30 grade | River sand (Zone II) | Coarse aggregate (20mm) | HDPE drainage pipes | Pre-cast kerb stones | Anti-skid bituminous surface dressing | Solar road studs | Stormwater drain gratings (Cast iron),26-Jul-2023,Passed,Stormwater drains clear and functional. No ponding observed during simulation.,26-Sep-2023,Passed,Load deflection within permissible limits as per IRC:58-2015.,22-Jan-2024,Passed,Stormwater drains clear and functional. No ponding observed during simulation.,05-Feb-2023,26-Dec-2023,27-Jan-2024,29-Jun-2024
RW169,Lal Bahadur Tank Road,Sterling Road Builders,57600000,56170463,Within budget,Bituminous Macadam (BM) Grade 2 | Dense Bituminous Macadam (DBM) | Steel reinforcement bars (Fe500) | Portland Pozzolana Cement (PPC) | Coarse aggregates (20mm & 40mm) | Kerb stones (Granite) | Thermoplastic road marking paint | Reflective studs,20-May-2019,Passed,Speed breakers conform to IRC:99-2018 specifications. Heights verified.,24-Jun-2019,Passed,Anti-skid surface dressing properly applied. Skid resistance test passed.,20-Sep-2019,Passed,Sub-base CBR value above permissible limit. Approved to proceed.,05-Apr-2019,23-Aug-2019,01-Oct-2019,15-Jan-2020
RW170,Besant Nagar Road,Sterling Road Builders,36000000,37200000,"Overrun of Rs.1,200,000 approved. Reason: Bitumen price escalation",Concrete M30 grade | River sand (Zone II) | Coarse aggregate (20mm) | HDPE drainage pipes | Pre-cast kerb stones | Anti-skid bituminous surface dressing | Solar road studs | Stormwater drain gratings (Cast iron),20-Sep-2021,Passed,Speed breakers conform to IRC:99-2018 specifications. Heights verified.,15-Feb-2022,Passed,Riding quality index satisfactory. Surface texture depth adequate.,25-Apr-2022,Passed,Drainage channels functional. Road markings and signage verified.,31-Jan-2021,06-Apr-2022,26-Apr-2022,16-Sep-2022
RW171,Anna Ring Road,Arjun Construction Group,15900000,14018500,Within budget,Salt-resistant bituminous mix (coastal formulation) | Corrosion-resistant reinforcement (HYSD Fe415D) | Fibre-reinforced concrete (polypropylene fibres) | Marine-grade epoxy coating for kerbs | Anti-skid surface dressing | HDPE geo-membrane (damp-proofing) | LED cat eyes,18-Mar-2019,Failed,Bitumen content found low at 4.1% against required 4.8%. Layer to be redone.,29-Mar-2019,Passed,Drainage channels functional. Road markings and signage verified.,24-May-2019,Passed,Stormwater drains clear and functional. No ponding observed during simulation.,20-Jan-2019,24-Apr-2019,25-May-2019,24-Dec-2019
RW172,Saidapet Bridge Road,KSR Infrastructure Pvt. Ltd.,47100000,45001322,Within budget,Lime-treated soil (sub-base) | Wet Mix Macadam (WMM) | Bituminous Concrete (BC) Grade 1 | Fly ash bricks (side drains) | White retro-reflective paint | Flexible delineators | RCC manholes | Geotextile fabric,03-Jun-2023,Passed,Thermoplastic markings retroreflectivity tested and found satisfactory.,20-Jul-2023,Conditional Pass,Speed breaker height at 3rd location slightly above tolerance. Grind and re-inspect.,16-Oct-2023,Passed,Anti-skid surface dressing properly applied. Skid resistance test passed.,06-Aug-2022,16-Oct-2023,04-Nov-2023,12-Apr-2024
RW173,Avadi Ring Road,Durai Constructions & Co.,18200000,15783804,Within budget,Prestressed concrete slabs | Bituminous concrete (60/70 grade) | High-strength bolts (Grade 8.8) | Expansion joints (neoprene) | Anti-glare screens | Thermoplastic road marking tape | High-mast LED lighting supports | Rubberised asphalt | RCC culverts (2m x 1.5m) | Geogrid reinforcement,23-Feb-2021,Passed,All manhole covers flush with road surface. No tripping hazards found.,22-Apr-2021,Passed,All manhole covers flush with road surface. No tripping hazards found.,11-Nov-2021,Passed,All manhole covers flush with road surface. No tripping hazards found.,20-Dec-2020,25-Oct-2021,24-Nov-2021,12-May-2024
RW174,Mylapore Main Road,Sterling Road Builders,75400000,66258685,Within budget,Fly ash concrete (M25) | Bottom ash sub-base | PVC expansion strips | Silica fume admixture | Micro-silica blended cement | Reinforced earth retaining walls | Concrete interlocking pavers (footpath) | Cast iron manhole covers (Class D),14-Jan-2022,Passed,"Road surface free of bleeding, rutting, or cracking. Excellent condition.",01-Mar-2022,Passed,Kerb stone alignment and levelling checked. Within plus/minus 5mm tolerance.,03-Jul-2022,Passed,Drainage channels functional. Road markings and signage verified.,09-Nov-2021,14-May-2022,18-Jun-2022,15-Jul-2023
RW175,Arignar Service Road,Maha Infrastructure Pvt. Ltd.,68800000,68900000,"Overrun of Rs.100,000 approved. Reason: Bitumen price escalation",Reclaimed Asphalt Pavement (RAP) mix with virgin bitumen VG-40 | Stone matrix asphalt (SMA) top layer | Anti-stripping agent | Bituminous macadam (BM) Grade 1 | RCC box drains | Pre-cast concrete medians | Glass bead road marking | Steel crash barriers (W-beam type),15-Mar-2020,Passed,Riding quality index satisfactory. Surface texture depth adequate.,19-May-2020,Passed,Quality of base layer found satisfactory. Compaction density above 98% Proctor.,23-Jul-2020,Passed,Sub-grade moisture content within limits. No swelling observed.,28-Sep-2019,12-Jul-2020,17-Aug-2020,24-Nov-2021
RW176,Periyar Main Road,Tamil Nadu Road Dev. Corp.,30000000,30200000,"Overrun of Rs.200,000 approved. Reason: Emergency utility relocation",Polymer Modified Bitumen (PMB 40) | Modified Bituminous Concrete (MBC) | Basalt fibre reinforcement | Warm mix asphalt additive (Evotherm) | Recycled concrete aggregate (30% blend) | Tactile paving blocks | High-visibility road studs | Galvanised steel guard rails,08-Apr-2021,Passed,Expansion joints properly aligned and sealed. No spalling at edges.,12-May-2021,Passed,All manhole covers flush with road surface. No tripping hazards found.,07-Nov-2021,Passed,Sub-base CBR value above permissible limit. Approved to proceed.,09-Aug-2020,24-Sep-2021,05-Nov-2021,29-Mar-2024
RW177,Nungambakkam Salai,RK Road Works Pvt. Ltd.,28800000,25106480,Within budget,Reclaimed Asphalt Pavement (RAP) mix with virgin bitumen VG-40 | Stone matrix asphalt (SMA) top layer | Anti-stripping agent | Bituminous macadam (BM) Grade 1 | RCC box drains | Pre-cast concrete medians | Glass bead road marking | Steel crash barriers (W-beam type),09-Sep-2021,Passed,Drainage channels functional. Road markings and signage verified.,19-Nov-2021,Passed,Crash barrier installation inspected. Meets MORTH standards.,08-Apr-2022,Passed,All manhole covers flush with road surface. No tripping hazards found.,11-Mar-2021,05-Apr-2022,19-Apr-2022,31-May-2023
RW178,Kamarajar Bridge Road,Ponni Constructions,75300000,65264168,Within budget,Lime-treated soil (sub-base) | Wet Mix Macadam (WMM) | Bituminous Concrete (BC) Grade 1 | Fly ash bricks (side drains) | White retro-reflective paint | Flexible delineators | RCC manholes | Geotextile fabric,28-Jan-2023,Passed,Concrete cube strength at 28 days exceeds design strength. Approved.,10-Mar-2023,Passed,Thermoplastic markings retroreflectivity tested and found satisfactory.,14-Apr-2023,Passed,Sub-base CBR value above permissible limit. Approved to proceed.,07-Dec-2022,12-Mar-2023,01-Apr-2023,19-Nov-2024
RW179,Guindy Street,Kavi Civil & Infrastructure Co.,11000000,10011159,Within budget,Polymer Modified Bitumen (PMB 40) | Modified Bituminous Concrete (MBC) | Basalt fibre reinforcement | Warm mix asphalt additive (Evotherm) | Recycled concrete aggregate (30% blend) | Tactile paving blocks | High-visibility road studs | Galvanised steel guard rails,04-Oct-2019,Failed,Cracks observed near junction box. Polymer-modified bitumen filling directed.,17-Nov-2019,Passed,Thermoplastic markings retroreflectivity tested and found satisfactory.,13-Jan-2020,Passed,Concrete cube strength at 28 days exceeds design strength. Approved.,11-May-2019,21-Dec-2019,04-Jan-2020,24-Aug-2021
RW180,Velachery Street,Siva Shakti Construction Co.,66700000,57771985,Within budget,Polymer Modified Bitumen (PMB 40) | Modified Bituminous Concrete (MBC) | Basalt fibre reinforcement | Warm mix asphalt additive (Evotherm) | Recycled concrete aggregate (30% blend) | Tactile paving blocks | High-visibility road studs | Galvanised steel guard rails,07-Feb-2019,Passed,Bitumen content tested within acceptable range. Layer thickness meets IRC norms.,06-Apr-2019,Conditional Pass,Guard rail end treatment missing on south side. Complete within 1 week. Clearance pending.,21-May-2019,Passed,Speed breakers conform to IRC:99-2018 specifications. Heights verified.,06-Jan-2019,28-Apr-2019,08-May-2019,12-Apr-2020
RW181,Jayalalithaa Cross Street,Blue Sea Constructions Pvt. Ltd.,50600000,45276420,Within budget,Concrete M30 grade | River sand (Zone II) | Coarse aggregate (20mm) | HDPE drainage pipes | Pre-cast kerb stones | Anti-skid bituminous surface dressing | Solar road studs | Stormwater drain gratings (Cast iron),28-May-2022,Passed,Bitumen content tested within acceptable range. Layer thickness meets IRC norms.,04-Oct-2022,Passed,Kerb stone alignment and levelling checked. Within plus/minus 5mm tolerance.,01-Jan-2023,Passed,Riding quality index satisfactory. Surface texture depth adequate.,16-Mar-2022,21-Dec-2022,07-Jan-2023,02-Sep-2024
RW182,Manali Bridge Road,Kavi Civil & Infrastructure Co.,39800000,36911825,Within budget,Bituminous Macadam (BM) Grade 2 | Dense Bituminous Macadam (DBM) | Steel reinforcement bars (Fe500) | Portland Pozzolana Cement (PPC) | Coarse aggregates (20mm & 40mm) | Kerb stones (Granite) | Thermoplastic road marking paint | Reflective studs,12-May-2021,Passed,Anti-skid surface dressing properly applied. Skid resistance test passed.,27-May-2021,Passed,Expansion joints properly aligned and sealed. No spalling at edges.,03-Sep-2021,Passed,"All road furniture, lighting, and markings in place. Final audit cleared.",25-Jan-2021,05-Aug-2021,02-Sep-2021,01-Jul-2023
RW183,Gokhale Main Road,Bharath Infra Projects Pvt. Ltd.,49900000,51700000,"Overrun of Rs.1,800,000 approved. Reason: Bitumen price escalation",Bituminous Macadam (BM) Grade 2 | Dense Bituminous Macadam (DBM) | Steel reinforcement bars (Fe500) | Portland Pozzolana Cement (PPC) | Coarse aggregates (20mm & 40mm) | Kerb stones (Granite) | Thermoplastic road marking paint | Reflective studs,04-Sep-2024,Passed,"All road furniture, lighting, and markings in place. Final audit cleared.",04-Jan-2025,Passed,Speed breakers conform to IRC:99-2018 specifications. Heights verified.,04-Mar-2025,Passed,"Road surface free of bleeding, rutting, or cracking. Excellent condition.",01-May-2024,17-Jan-2025,27-Jan-2025,20-Mar-2025
RW184,Kamarajar Avenue,Sun Infra Builders Ltd.,36600000,37400000,"Overrun of Rs.800,000 approved. Reason: Additional median divider required",Prestressed concrete slabs | Bituminous concrete (60/70 grade) | High-strength bolts (Grade 8.8) | Expansion joints (neoprene) | Anti-glare screens | Thermoplastic road marking tape | High-mast LED lighting supports | Rubberised asphalt | RCC culverts (2m x 1.5m) | Geogrid reinforcement,28-Feb-2023,Failed,Bitumen content found low at 4.1% against required 4.8%. Layer to be redone.,02-Jun-2023,Passed,Sub-grade moisture content within limits. No swelling observed.,14-Oct-2023,Passed,Sub-grade moisture content within limits. No swelling observed.,06-Dec-2022,12-Sep-2023,21-Oct-2023,26-Apr-2025
RW185,Kamarajar Inner Ring Road,Ponni Constructions,21300000,18883274,Within budget,Reclaimed Asphalt Pavement (RAP) mix with virgin bitumen VG-40 | Stone matrix asphalt (SMA) top layer | Anti-stripping agent | Bituminous macadam (BM) Grade 1 | RCC box drains | Pre-cast concrete medians | Glass bead road marking | Steel crash barriers (W-beam type),24-Oct-2024,Passed,Anti-skid surface dressing properly applied. Skid resistance test passed.,21-Apr-2025,Passed,Sub-base CBR value above permissible limit. Approved to proceed.,13-Aug-2025,Passed,Sub-grade moisture content within limits. No swelling observed.,11-Mar-2024,24-Jul-2025,28-Aug-2025,09-Mar-2025
RW186,Indira Avenue,Metro Build Solutions Pvt. Ltd.,24800000,22170323,Within budget,Concrete M30 grade | River sand (Zone II) | Coarse aggregate (20mm) | HDPE drainage pipes | Pre-cast kerb stones | Anti-skid bituminous surface dressing | Solar road studs | Stormwater drain gratings (Cast iron),20-Apr-2022,Passed,Load deflection within permissible limits as per IRC:58-2015.,29-Jun-2022,Conditional Pass,Speed breaker height at 3rd location slightly above tolerance. Grind and re-inspect.,18-Oct-2022,Passed,All manhole covers flush with road surface. No tripping hazards found.,02-Jan-2022,02-Oct-2022,25-Oct-2022,29-Apr-2024
RW187,Subash Ring Road,Prime Infra Developers Ltd.,41500000,39406824,Within budget,Reclaimed Asphalt Pavement (RAP) mix with virgin bitumen VG-40 | Stone matrix asphalt (SMA) top layer | Anti-stripping agent | Bituminous macadam (BM) Grade 1 | RCC box drains | Pre-cast concrete medians | Glass bead road marking | Steel crash barriers (W-beam type),21-Sep-2021,Passed,Kerb stone alignment and levelling checked. Within plus/minus 5mm tolerance.,01-Oct-2021,Conditional Pass,Drainage outlet partially blocked. Debris to be cleared. Road surface approved.,30-Apr-2022,Passed,Expansion joints properly aligned and sealed. No spalling at edges.,22-Mar-2021,09-Mar-2022,22-Mar-2022,13-May-2024
RW188,Bose Street,Sri Balaji Infrastructure Pvt. Ltd.,14300000,14122099,Within budget,Lime-treated soil (sub-base) | Wet Mix Macadam (WMM) | Bituminous Concrete (BC) Grade 1 | Fly ash bricks (side drains) | White retro-reflective paint | Flexible delineators | RCC manholes | Geotextile fabric,25-Feb-2021,Passed,Joints sealed properly. No cracking observed. Road certified for use.,26-Feb-2021,Passed,Riding quality index satisfactory. Surface texture depth adequate.,03-Sep-2021,Passed,Quality of base layer found satisfactory. Compaction density above 98% Proctor.,10-Feb-2020,05-Jul-2021,09-Aug-2021,23-Nov-2022
RW189,Periyar Ring Road,Siva Shakti Construction Co.,74100000,64321083,Within budget,Reclaimed Asphalt Pavement (RAP) mix with virgin bitumen VG-40 | Stone matrix asphalt (SMA) top layer | Anti-stripping agent | Bituminous macadam (BM) Grade 1 | RCC box drains | Pre-cast concrete medians | Glass bead road marking | Steel crash barriers (W-beam type),18-Oct-2019,Passed,Quality of base layer found satisfactory. Compaction density above 98% Proctor.,13-Dec-2019,Passed,Kerb stone alignment and levelling checked. Within plus/minus 5mm tolerance.,24-Jan-2020,Passed,Speed breakers conform to IRC:99-2018 specifications. Heights verified.,08-Sep-2019,28-Dec-2019,05-Feb-2020,25-Jun-2020
RW190,Raman East Coast Road,National Highway Infra Builders,27100000,24727167,Within budget,Lime-treated soil (sub-base) | Wet Mix Macadam (WMM) | Bituminous Concrete (BC) Grade 1 | Fly ash bricks (side drains) | White retro-reflective paint | Flexible delineators | RCC manholes | Geotextile fabric,09-Sep-2019,Passed,Riding quality index satisfactory. Surface texture depth adequate.,21-Jan-2020,Passed,Joints sealed properly. No cracking observed. Road certified for use.,15-May-2020,Passed,Kerb stone alignment and levelling checked. Within plus/minus 5mm tolerance.,12-Mar-2019,19-Apr-2020,14-May-2020,05-Jun-2022
RW191,Sarabhai Extension Road,Blue Sea Constructions Pvt. Ltd.,72500000,67143115,Within budget,Bituminous Macadam (BM) Grade 2 | Dense Bituminous Macadam (DBM) | Steel reinforcement bars (Fe500) | Portland Pozzolana Cement (PPC) | Coarse aggregates (20mm & 40mm) | Kerb stones (Granite) | Thermoplastic road marking paint | Reflective studs,27-Dec-2021,Passed,Stormwater drains clear and functional. No ponding observed during simulation.,28-May-2022,Passed,Kerb stone alignment and levelling checked. Within plus/minus 5mm tolerance.,28-Jul-2022,Passed,Joints sealed properly. No cracking observed. Road certified for use.,22-Feb-2021,27-Jun-2022,29-Jul-2022,01-Mar-2024
RW192,Kalam Main Road,Pioneer Infra Projects Pvt. Ltd.,69100000,67400628,Within budget,Rigid pavement PQC M40 grade | Dowel bars (32mm dia MS) | Tie bars (16mm dia) | Joint sealant (Polyurethane) | Sub-base GSB (Granular Sub-Base) | Drainage cells (HDPE honeycomb) | Pre-fabricated expansion joints | Solar-powered road markers,29-Nov-2019,Passed,Drainage channels functional. Road markings and signage verified.,25-Jul-2020,Passed,"All road furniture, lighting, and markings in place. Final audit cleared.",22-Oct-2020,Passed,"All road furniture, lighting, and markings in place. Final audit cleared.",30-Apr-2019,15-Sep-2020,25-Oct-2020,19-Jul-2022
RW193,Guindy Junction Road,Prime Infra Developers Ltd.,13700000,13462885,Within budget,Fly ash concrete (M25) | Bottom ash sub-base | PVC expansion strips | Silica fume admixture | Micro-silica blended cement | Reinforced earth retaining walls | Concrete interlocking pavers (footpath) | Cast iron manhole covers (Class D),01-Jan-2025,Failed,Pothole formation near storm drain. Emergency patching and proper sealing ordered.,03-Feb-2025,Passed,Sub-grade moisture content within limits. No swelling observed.,20-Feb-2025,Passed,Quality of base layer found satisfactory. Compaction density above 98% Proctor.,30-Sep-2023,09-Feb-2025,15-Mar-2025,03-Mar-2025
RW194,Royapettah Tank Road,Pandian Road Builders,22500000,19717936,Within budget,Salt-resistant bituminous mix (coastal formulation) | Corrosion-resistant reinforcement (HYSD Fe415D) | Fibre-reinforced concrete (polypropylene fibres) | Marine-grade epoxy coating for kerbs | Anti-skid surface dressing | HDPE geo-membrane (damp-proofing) | LED cat eyes,23-Feb-2022,Passed,Geotextile fabric placement verified. No displacement observed.,08-Apr-2022,Passed,"Road surface free of bleeding, rutting, or cracking. Excellent condition.",23-Sep-2022,Passed,Quality of base layer found satisfactory. Compaction density above 98% Proctor.,15-Jan-2022,20-Sep-2022,11-Oct-2022,25-May-2024
RW195,Villivakkam Canal Road,National Highway Infra Builders,21300000,18634185,Within budget,Reclaimed Asphalt Pavement (RAP) mix with virgin bitumen VG-40 | Stone matrix asphalt (SMA) top layer | Anti-stripping agent | Bituminous macadam (BM) Grade 1 | RCC box drains | Pre-cast concrete medians | Glass bead road marking | Steel crash barriers (W-beam type),10-Jun-2019,Passed,Riding quality index satisfactory. Surface texture depth adequate.,08-Jul-2019,Passed,Thermoplastic markings retroreflectivity tested and found satisfactory.,04-Oct-2019,Passed,Kerb stone alignment and levelling checked. Within plus/minus 5mm tolerance.,02-May-2019,11-Aug-2019,30-Aug-2019,20-Jul-2021
RW196,Tagore Cross Street,Suresh & Sons Civil Works,41000000,35754072,Within budget,Prestressed concrete slabs | Bituminous concrete (60/70 grade) | High-strength bolts (Grade 8.8) | Expansion joints (neoprene) | Anti-glare screens | Thermoplastic road marking tape | High-mast LED lighting supports | Rubberised asphalt | RCC culverts (2m x 1.5m) | Geogrid reinforcement,07-Oct-2023,Passed,Thermoplastic markings retroreflectivity tested and found satisfactory.,22-May-2024,Passed,"All road furniture, lighting, and markings in place. Final audit cleared.",13-Sep-2024,Passed,Sub-grade moisture content within limits. No swelling observed.,10-Jun-2023,31-Jul-2024,10-Sep-2024,11-Apr-2025
RW197,Nungambakkam Bridge Road,KSR Infrastructure Pvt. Ltd.,26100000,25651871,Within budget,Fly ash concrete (M25) | Bottom ash sub-base | PVC expansion strips | Silica fume admixture | Micro-silica blended cement | Reinforced earth retaining walls | Concrete interlocking pavers (footpath) | Cast iron manhole covers (Class D),20-Oct-2021,Passed,Sub-grade moisture content within limits. No swelling observed.,13-Feb-2022,Passed,Drainage channels functional. Road markings and signage verified.,16-Oct-2022,Passed,"Road surface free of bleeding, rutting, or cracking. Excellent condition.",12-Mar-2021,19-Aug-2022,31-Aug-2022,03-Jun-2023
RW198,Tilak Cross Street,Arunachalam Road Works,15900000,15701777,Within budget,Lime-treated soil (sub-base) | Wet Mix Macadam (WMM) | Bituminous Concrete (BC) Grade 1 | Fly ash bricks (side drains) | White retro-reflective paint | Flexible delineators | RCC manholes | Geotextile fabric,26-Aug-2022,Passed,Joints sealed properly. No cracking observed. Road certified for use.,27-Oct-2022,Conditional Pass,Minor rework required on left shoulder. Main surface approved. Clearance after shoulder repair.,21-Dec-2022,Passed,Quality of base layer found satisfactory. Compaction density above 98% Proctor.,26-Jul-2022,08-Dec-2022,08-Jan-2023,08-Jul-2024
RW199,Ambedkar Loop Road,Lakshmi Infra Pvt. Ltd.,50900000,49568317,Within budget,Salt-resistant bituminous mix (coastal formulation) | Corrosion-resistant reinforcement (HYSD Fe415D) | Fibre-reinforced concrete (polypropylene fibres) | Marine-grade epoxy coating for kerbs | Anti-skid surface dressing | HDPE geo-membrane (damp-proofing) | LED cat eyes,04-Feb-2024,Passed,"All road furniture, lighting, and markings in place. Final audit cleared.",08-Sep-2024,Passed,Concrete cube strength at 28 days exceeds design strength. Approved.,19-Oct-2024,Passed,Crash barrier installation inspected. Meets MORTH standards.,11-Dec-2023,19-Sep-2024,21-Oct-2024,07-Apr-2025
RW200,Thiruvalluvar High Road,Suresh & Sons Civil Works,10000000,9832326,Within budget,Concrete M30 grade | River sand (Zone II) | Coarse aggregate (20mm) | HDPE drainage pipes | Pre-cast kerb stones | Anti-skid bituminous surface dressing | Solar road studs | Stormwater drain gratings (Cast iron),08-Feb-2021,Passed,Stormwater drains clear and functional. No ponding observed during simulation.,03-Apr-2021,Passed,All manhole covers flush with road surface. No tripping hazards found.,01-Jul-2021,Passed,All manhole covers flush with road surface. No tripping hazards found.,01-Dec-2020,27-May-2021,30-Jun-2021,11-Mar-2022
